2138:3215	do you consider yourself to be spiritual	dia19.html#do_you_consider_yourself_to_be_spiritual	are you religious	dia68.html#are_you_religious	1	1	0-0 	 	 
2138:3214	do you consider yourself to be spiritual	dia19.html#do_you_consider_yourself_to_be_spiritual	are ypu religious person	dia56.html#are_ypu_religious_person	1	1	0-0 	 	 
2138:257	do you consider yourself to be spiritual	dia19.html#do_you_consider_yourself_to_be_spiritual	does faith or religion have a place in your life	does_faith_or_religion_have_a_place_in_your_life.html	1	1	0-0 5-4 	 	 
2138:2039	do you consider yourself to be spiritual	dia19.html#do_you_consider_yourself_to_be_spiritual	do you consider yourself a healthy eater	dia52.html#do_you_consider_yourself_a_healthy_eater	0	0	0-0 1-1 2-2 3-3 	 	 
2138:255	do you consider yourself to be spiritual	dia19.html#do_you_consider_yourself_to_be_spiritual	do you take care of yourself	do_you_take_care_of_yourself.html	0	0	0-0 1-1 2-2 3-5 	 	 
2138:1555	do you consider yourself to be spiritual	dia19.html#do_you_consider_yourself_to_be_spiritual	do you take medications	dia98.html#do_you_take_medications	0	0	0-0 1-1 2-2 	 	 
