2.602083333	does anything make the urge to urinate better	does_anything_make_the_urge_to_urinate_better.html	you said you need to urinate a little more frequently. is there anything else that you 've noticed that might go along with the back pain	dia73.html#you_said_you_need_to_urinate_a_little_more_frequently._is_there_anything_else_that_you_'ve_noticed_that_might_go_along_with_the_back_pain	1	1	5-4 6-5 0-10 1-12 3-23 	 	 
2.600694444	does anything make the urge to urinate better	does_anything_make_the_urge_to_urinate_better.html	was your back affected in those car accidents	dia56.html#was_your_back_affected_in_those_car_accidents	1	1	 	 	 
2.604166667	does anything make the urge to urinate better	does_anything_make_the_urge_to_urinate_better.html	anyone else have this problem	dia33.html#anyone_else_have_this_problem	1	1	2-Feb	 	 
8:15	does anything make the urge to urinate better	does_anything_make_the_urge_to_urinate_better.html	does anything make it better	does_anything_make_it_better.html	0	0	0-0 1-1 2-2 7-4 	 	 
0.95	does anything make the urge to urinate better	does_anything_make_the_urge_to_urinate_better.html	does anything make the pain better	dia100.html#does_anything_make_the_pain_better	0	0	0-0 1-1 2-2 3-3 7-5 	 	 
1.809027778	does anything make the urge to urinate better		when did the urge to urinate start		0	0	2-1 3-2 4-3 5-4 6-5 	 	 