211:1335	do you have any chronic health problems	do_you_have_any_chronic_health_problems.html	could you tell me about any chronic or ongoing health problems you may have	dia11.html#could_you_tell_me_about_any_chronic_or_ongoing_health_problems_you_may_have	1	1	1-1 3-5 4-6 5-9 6-10 2-13 	 	 
211:1336	do you have any chronic health problems	do_you_have_any_chronic_health_problems.html	okay i have enough information abour your back , can you tell me a little about your past medical history	dia49.html#okay_i_have_enough_information_abour_your_back_,_can_you_tell_me_a_little_about_your_past_medical_history	1	1	2-2 1-10 5-18 	 	 
211:1331	do you have any chronic health problems	do_you_have_any_chronic_health_problems.html	how would you describe your overall health	dia53.html#how_would_you_describe_your_overall_health	1	1	0-1 5-6 	 	 
211:3065	do you have any chronic health problems	do_you_have_any_chronic_health_problems.html	do you have any chronic health issues	dia82.html#do_you_have_any_chronic_health_issues	0	0	0-0 1-1 2-2 3-3 4-4 5-5 6-6 	 	 
211:3062	do you have any chronic health problems	do_you_have_any_chronic_health_problems.html	do you have any chronic medical problems	dia70.html#do_you_have_any_chronic_medical_problems	0	0	0-0 1-1 2-2 3-3 4-4 5-5 6-6 	 	 
211:3059	do you have any chronic health problems	do_you_have_any_chronic_health_problems.html	do they have any chronic health conditions	dia58.html#do_they_have_any_chronic_health_conditions	0	0	0-0 1-1 3-3 4-4 5-5 	 	 
