2285:2290	is it worse on one side	dia18.html#is_it_worse_on_one_side	is it to the side or right in the middle of your back	dia46.html#is_it_to_the_side_or_right_in_the_middle_of_your_back	1	1	0-0 1-1 4-3 	 	 
2285:2283	is it worse on one side	dia18.html#is_it_worse_on_one_side	is the pain on both sides of your back	dia0.html#is_the_pain_on_both_sides_of_your_back	1	1	0-0 3-3 	 	 
2285:2288	is it worse on one side	dia18.html#is_it_worse_on_one_side	is the pain localized	dia60.html#is_the_pain_localized	1	1	0-0 	 	 
2285:2272	is it worse on one side	dia18.html#is_it_worse_on_one_side	is it on one side	dia64.html#is_it_on_one_side	0	0	0-0 1-1 3-2 4-3 5-4 	 	 
2285:2273	is it worse on one side	dia18.html#is_it_worse_on_one_side	is it just on one side	dia64.html#is_it_just_on_one_side	0	0	0-0 1-1 3-3 4-4 5-5 	 	 
2285:802	is it worse on one side	dia18.html#is_it_worse_on_one_side	what makes it worse	dia92.html#what_makes_it_worse	0	0	0-1 1-2 2-3 	 	 
2284:323	" While this is true for many brands of cigarettes, in Canada the major cigarette brands all contain 100% natural Virginia Leaf - no additives."		"While this is true for many brands of cigarettes, in Canada the major cigarette brands are all required to contain 100% Virginia Leaf, without additives."		1	1	"0-0 1-1, 2-2"		