1425:1427	are you in pain currently	dia55.html#are_you_in_pain_currently	has the pain caused you to miss work	dia11.html#has_the_pain_caused_you_to_miss_work	1	0	1-4 3-2		
1425:1428	are you in pain currently	dia55.html#are_you_in_pain_currently	absolutely ! we cannot have you missing work ! we will definitely address this !	dia18.html#absolutely_!_we_cannot_have_you_missing_work_!_we_will_definitely_address_this_!	1	0	1-5		sentence segmentation error
1425:1426	are you in pain currently	dia55.html#are_you_in_pain_currently	have you not been able to work since the injury	dia0.html#have_you_not_been_able_to_work_since_the_injury	1	0	1-1		
1425:305	are you in pain currently	dia55.html#are_you_in_pain_currently	are you in pain right now	are_you_in_pain_right_now.html	0	1	0-0 1-1 2-2 3-3 4-4 4-5		 
1425:882	are you in pain currently	dia55.html#are_you_in_pain_currently	does it hurt right now	dia79.html#does_it_hurt_right_now	0	1	4-3 4-4	0-0 0-1 0-2 1-0 1-1 1-2 2-0 2-1 2-2 3-0 3-1 3-2	 
1425:941	are you in pain currently	dia55.html#are_you_in_pain_currently	are you currently working	dia84.html#are_you_currently_working	0	0	1-1 4-2		 