3276:3280	are you peeing normally	dia6.html#are_you_peeing_normally	any trouble peeing	dia33.html#any_trouble_peeing	1	1	0-2 2-2		
3276:3278	are you peeing normally	dia6.html#are_you_peeing_normally	any trouble using the bathroom	dia20.html#any_trouble_using_the_bathroom	1	1		0-2 0-3 0-4 2-2 2-3 2-4	
3276:3277	are you peeing normally	dia6.html#are_you_peeing_normally	any urinary changes	dia8.html#any_urinary_changes	1	1		2-1	
3276:3587	are you peeing normally	dia6.html#are_you_peeing_normally	are you urinating normally	dia74.html#are_you_urinating_normally	0	1	0-0 1-1 2-2 3-3		
3276:2738	are you peeing normally	dia6.html#are_you_peeing_normally	can you urinate	dia60.html#can_you_urinate	0	0	1-1	0-0 0-2 2-0 2-2	 
3276:267	are you peeing normally	dia6.html#are_you_peeing_normally	how often do you urinate	how_often_do_you_urinate.html	0	0	1-3	0-2 0-4 2-2 2-4	 