0:00	Ruut Veenhoven showed that social security payments do not seem to add to happiness .		Ruut Veenhoven claimed that social security payments do not seem to add to happiness .		1	1	0-0 1-1 2-2 3-3 4-4 5-5 6-6 7-7 8-8 9-9 10-10 11-11 12-12 13-13 14-14									
1:01	See this list for the original German place names .		See this list for the German place names .		1	1	0-0 1-1 2-2 3-3 4-4 6-5 7-6 8-7 9-8									
2:02	"Green Line ( Cyprus ) , a cease fire line between the Republic of South Cyprus and the illegal Turkish Republic of Northern Cyprus"		"Green Line ( Cyprus ) , a cease fire line between the Republic of South Cyprus and the Turkish Republic of Northern Cyprus"		1	1	0-0 1-1 2-2 3-3 4-4 5-5 6-6 7-7 8-8 9-9 10-10 11-11 12-12 13-13 14-14 15-15 16-16 17-17 19-18 20-19 21-20 22-21 23-22									
3:03	"Since that time , Israel illegally continued to build settlements over Palestinian land , demolishing homes and expelling families by force ."		"Since that time , Israel continued to build settlements over Palestinian land , demolishing homes and expelling families by force ."		1	1	0-0 1-1 2-2 3-3 4-4 6-5 7-6 8-7 9-8 10-9 11-10 12-11 13-12 14-13 15-14 16-15 17-16 18-17 19-18 20-19 21-20									
4:04	"Since 1995 , MAPS has disbursed over two million dollars to worthy research and educational projects and has :"		"Since 1995 , MAPS has disbursed over two million dollars to research and educational projects and has :"		1	1	0-0 1-1 2-2 3-3 4-4 5-5 6-6 7-7 8-8 9-9 10-10 12-11 13-12 14-13 15-14 16-15 17-16 18-17									
5:05	"This is incorrect however , as the demarcation line that is commonly referenced in provincial documents is that of the Nipissing Passageway , originally an Indian trail between Georgian Bay and the Ottawa River ."		"This is disputed however , as the demarcation line that is commonly referenced in provincial documents is that of the Nipissing Passageway , originally an Indian trail between Georgian Bay and the Ottawa River ."		1	1	0-0 1-1 2-2 3-3 4-4 5-5 6-6 7-7 8-8 9-9 10-10 11-11 12-12 13-13 14-14 15-15 16-16 17-17 18-18 19-19 20-20 21-21 22-22 23-23 24-24 25-25 26-26 27-27 28-28 29-29 30-30 31-31 32-32 33-33 34-34									
6:06	"Tom Clements is the nominee of the South Carolina Green Party , and will be the only non-corporate party candidate on the ballot ."		"Tom Clements is the nominee of the South Carolina Green Party , and will be the only third party candidate on the ballot ."		1	1	0-0 1-1 2-2 3-3 4-4 5-5 6-6 7-7 8-8 9-9 10-10 11-11 12-12 13-13 14-14 15-15 16-16 17-17 18-18 19-19 20-20 21-21 22-22 23-23									
7:07	"The British government took the lead , with France and Germany , in imposing punitive sanctions by the EU against Russia for what Prime Minister David Cameron denounced as Russia 's seizure of Crimea and support for insurgents in Ukraine ."		"The British government took the lead , with France and Germany , in imposing punitive sanctions by the EU against Russia for what Prime Minister David Cameron denounced as Russia 's seizure of Crimea and support for separatists in Ukraine ."		1	1	0-0 1-1 2-2 3-3 4-4 5-5 6-6 7-7 8-8 9-9 10-10 11-11 12-12 13-13 14-14 15-15 16-16 17-17 18-18 19-19 20-20 21-21 22-22 23-23 24-24 25-25 26-26 27-27 28-28 29-29 30-30 31-31 32-32 33-33 34-34 35-35 36-36 37-37 38-38 39-39 40-40									
8:08	His success and growing popularity is almost entirely due to word-of-mouth from enthusiastic fans who share the wonderful discovery of his music & songs with their friends .		His success and growing popularity is almost entirely due to word-of-mouth from enthusiastic fans who share the discovery of his music & songs with their friends .		1	1	0-0 1-1 2-2 3-3 4-4 5-5 6-6 7-7 8-8 9-9 10-10 11-11 12-12 13-13 14-14 15-15 16-16 18-17 19-18 20-19 21-20 22-21 23-22 24-23 25-24 26-25 27-26									
9:09	"Shannon Emery Lee ( born April 19 , 1969 ) is an American actress , martial artist and businesswoman ."		"Shannon Emery Lee ( born April 19 , 1969 ) is an American actress , martial artist and businessman ."		1	1	0-0 1-1 2-2 3-3 4-4 5-5 6-6 7-7 8-8 9-9 10-10 11-11 12-12 13-13 14-14 15-15 16-16 17-17 18-18 19-19									
10:10	"He has always denied being a pederant , but was added to the British list of registered sex offenders for five years after police searched his house , confiscating 14 of his computers , and found no child pornography after a four month investigation ."		"He has always denied being a pedophile , but was added to the British list of registered sex offenders for five years after police searched his house , confiscating 14 of his computers , and found no child pornography after a four month investigation ."		1	1	0-0 1-1 2-2 3-3 4-4 5-5 6-6 7-7 8-8 9-9 10-10 11-11 12-12 13-13 14-14 15-15 16-16 17-17 18-18 19-19 20-20 21-21 22-22 23-23 24-24 25-25 26-26 27-27 28-28 29-29 30-30 31-31 32-32 33-33 34-34 35-35 36-36 37-37 38-38 39-39 40-40 41-41 42-42 43-43 44-44									
11:11	"If it was used in combat , it would have a number of advantages over some other missiles ."		"If it was used in combat , it may have a number of advantages over some other missiles ."		1	1	0-0 1-1 2-2 3-3 4-4 5-5 6-6 7-7 8-8 9-9 10-10 11-11 12-12 13-13 14-14 15-15 16-16 17-17 18-18									
12:12	"The program also showed videos from other reality shows , especially its predecessor Real TV , and was noted both for its fast-paced action and extensive analysis of slow-motion replays ."		"The program also showed videos from other reality shows , especially its predecessor Real TV , and was noted both for its fast-paced action and its analysis of slow-motion replays ."		1	1	0-0 1-1 2-2 3-3 4-4 5-5 6-6 7-7 8-8 9-9 10-10 11-11 12-12 13-13 14-14 15-15 16-16 17-17 18-18 19-19 20-20 21-21 22-22 23-23 24-24 25-25 26-26 27-27 28-28 29-29 30-30									
13:13	"Only 136 million Indians ( 11 % ) use traditional fuels fuelwood , agricultural waste and biomass cakes for cooking and general heating needs ."		"About 136 million Indians ( 11 % ) use traditional fuels fuelwood , agricultural waste and biomass cakes for cooking and general heating needs ."		1	1	0-0 1-1 2-2 3-3 4-4 5-5 6-6 7-7 8-8 9-9 10-10 11-11 12-12 13-13 14-14 15-15 16-16 17-17 18-18 19-19 20-20 21-21 22-22 23-23 24-24									
14:14	Bufo theatres were shut down for some years after this tragic event .		Bufo theatres were shut down for some years after this event .		1	1	0-0 1-1 2-2 3-3 4-4 5-5 6-6 7-7 8-8 9-9 11-10 12-11									
15:15	"The last stage of this ridiculously long battle is situated in front of Hyrule Castle , in a magically closed-off arena ."		"The last stage of this long battle is situated in front of Hyrule Castle , in a magically closed-off arena ."		1	1	0-0 1-1 2-2 3-3 4-4 6-5 7-6 8-7 9-8 10-9 11-10 12-11 13-12 14-13 15-14 16-15 17-16 18-17 19-18 20-19 21-20									
16:16	"A retrial to determine Arias 's punishment is scheduled to begin on July 18 , 2013 , with a new jury empaneled for that purpose ."		"A retrial to determine Arias 's sentence is scheduled to begin on July 18 , 2013 , with a new jury empaneled for that purpose ."		1	1	0-0 1-1 2-2 3-3 4-4 5-5 6-6 7-7 8-8 9-9 10-10 11-11 12-12 13-13 14-14 15-15 16-16 17-17 18-18 19-19 20-20 21-21 22-22 23-23 24-24 25-25									
17:17	"His goal was to broker a peace and he sent his top aide Colonel House on repeated missions to the belligerents , but they were so confident of victory that the peace pleas were ignored ."		"His goal was to broker a peace and he sent his top aide Colonel House on repeated missions to the belligerents , but they were so confident of victory that the peace were ignored ."		1	1	0-0 1-1 2-2 3-3 4-4 5-5 6-6 7-7 8-8 9-9 10-10 11-11 12-12 13-13 14-14 15-15 16-16 17-17 18-18 19-19 20-20 21-21 22-22 23-23 24-24 25-25 26-26 27-27 28-28 29-29 30-30 31-31 33-32 34-33 35-34									
18:18	"Zhang Lin won a silver medal in the men 's 400 meter freestyle at the 2008 Summer Olympics in Beijing with a time of 3:42.44 , only 0.58 seconds behind gold medalist South Korean Park Tae-Hwan , and making him at the time the third fastest 400 meter freestyler in history ( and setting a Chinese Record in the process ) ."		"Zhang Lin won a silver medal in the men 's 400 meter freestyle at the 2008 Summer Olympics in Beijing with a time of 3:42.44 , 0.58 seconds behind gold medalist South Korean Park Tae-Hwan , and making him at the time the third fastest 400 meter freestyler in history ( and setting a Chinese Record in the process ) ."		1	1	0-0 1-1 2-2 3-3 4-4 5-5 6-6 7-7 8-8 9-9 10-10 11-11 12-12 13-13 14-14 15-15 16-16 17-17 18-18 19-19 20-20 21-21 22-22 23-23 24-24 25-25 27-26 28-27 29-28 30-29 31-30 32-31 33-32 34-33 35-34 36-35 37-36 38-37 39-38 40-39 41-40 42-41 43-42 44-43 45-44 46-45 47-46 48-47 49-48 50-49 51-50 52-51 53-52 54-53 55-54 56-55 57-56 58-57 59-58 60-59 61-60									
19:19	"Wellard , a fictional dog , was the longest-serving pet ( 19942008 ) in the popular British soap opera EastEnders ."		"Wellard , a fictional dog , was the longest-serving pet ( 19942008 ) in the British soap opera EastEnders ."		1	1	0-0 1-1 2-2 3-3 4-4 5-5 6-6 7-7 8-8 9-9 10-10 11-11 12-12 13-13 14-14 16-15 17-16 18-17 19-18 20-19									
20:20	"Ohio Wesleyan University ( Wesleyan ) is a private highly selective independent liberal arts college located in Delaware , Ohio ."		"Ohio Wesleyan University ( Wesleyan ) is a private liberal arts college located in Delaware , Ohio ."		1	1	0-0 1-1 2-2 3-3 4-4 5-5 6-6 7-7 8-8 12-9 13-10 14-11 15-12 16-13 17-14 18-15 19-16 20-17									
21:21	Leftist intolerance and pressure mounted to demand his resignation .		Pressure mounted to demand his resignation .		1	1	3-0 4-1 5-2 6-3 7-4 8-5 9-6									
22:22	In 1378 the powerful Count Onorato I Caetani summoned here the conclave in which the cardinals elected Clement VII against the legitimante Urban VI ( Western Schism ) .		In 1378 the powerful Count Onorato I Caetani summoned here the conclave in which the cardinals elected Clement VII against Urban VI ( Western Schism ) .		1	1	0-0 1-1 2-2 3-3 4-4 5-5 6-6 7-7 8-8 9-9 10-10 11-11 12-12 13-13 14-14 15-15 16-16 17-17 18-18 19-19 22-20 23-21 24-22 25-23 26-24 27-25 28-26									
23:23	"In the strip 's July 5 , 2005 edition , and continuing through the July 6 , July 7 , and July 8 strips , Tinsley responded to the America ( The Book ) parody , in an uninformed fashion ; without realizing the cartoon was meant to be satirical ."		"In the strip 's July 5 , 2005 edition , and continuing through the July 6 , July 7 , and July 8 strips , Tinsley responded to the America ( The Book ) parody ."		1	1	0-0 1-1 2-2 3-3 4-4 5-5 6-6 7-7 8-8 9-9 10-10 11-11 12-12 13-13 14-14 15-15 16-16 17-17 18-18 19-19 20-20 21-21 22-22 23-23 24-24 25-25 26-26 27-27 28-28 29-29 30-30 31-31 32-32 33-33 34-34 50-35									
24:24:00	"Wallant succeeds admirably in developing such a range of characters , to the extent that he gives each and every one a distinct and complex personality ."		Wallant develops this range of characters to the extent that he gives each and every one a distinct and complex personality .		1	1	0-0 4-1 5-2 6-2 7-3 8-4 9-5 11-6 12-7 13-8 14-9 15-10 16-11 17-12 18-13 19-14 20-15 21-16 22-17 23-18 24-19 25-20 26-21	1-1 1-2 2-1 2-2 3-1 3-2 4-2 5-1 6-1								
25:25:00	"Hugo Wallace Weaving ( born April 4 , 1960 ) is a respected and successful Australian film and stage actor ."		"Hugo Wallace Weaving ( born April 4 , 1960 ) is a Australian film and stage actor ."		1	1	0-0 1-1 2-2 3-3 4-4 5-5 6-6 7-7 8-8 9-9 10-10 11-11 15-12 16-13 17-14 18-15 19-16 20-17									
26:26:00	"Kicker table football ( ironically called `` foosball '' in American English , a variation on the German word `` Fuball '' ( football ) )"		"Kicker table football ( `` foosball '' in American English , a variation on the German word `` Fuball '' ( football ) )"		1	1	0-0 1-1 2-2 3-3 6-4 7-5 8-6 9-7 10-8 11-9 12-10 13-11 14-12 15-13 16-14 17-15 18-16 19-17 20-18 21-19 22-20 23-21 24-22 25-23									
27:27:00	"The UNLV Runnin ' Rebels are a NCAA Division I men 's basketball team who play at the Thomas & Mack Center or T-Mobile Arena in the Las Vegas suburb of Paradise , Nevada , United States ."		"The UNLV Runnin ' Rebels are a NCAA Division I men 's basketball team who play at the Thomas & Mack Center in the Las Vegas suburb of Paradise , Nevada , United States ."		1	1	0-0 1-1 2-2 3-3 4-4 5-5 6-6 7-7 8-8 9-9 10-10 11-11 12-12 13-13 14-14 15-15 16-16 17-17 18-18 19-19 20-20 21-21 25-22 26-23 27-24 28-25 29-26 30-27 31-28 32-29 33-30 34-31 35-32 36-33 37-34									
28:28:00	"He was appointed to serve as a member of the Presidential Advisory Council for HIV/AIDS ( 2003-2007 ) , and achieved international notoriety in March 2009 when he stately publicly that he agreed with Pope Benedict XVI 's claim that the distribution of condoms is aggravating the problem of AIDS in Africa ."		"He was appointed to serve as a member of the Presidential Advisory Council for HIV/AIDS ( 2003-2007 ) , and was quoted internationally in March 2009 when he stately publicly that he agreed with Pope Benedict XVI 's claim that the distribution of condoms is aggravating the problem of AIDS in Africa ."		1	1	0-0 1-1 2-2 3-3 4-4 5-5 6-6 7-7 8-8 9-9 10-10 11-11 12-12 13-13 14-14 15-15 16-16 17-17 18-18 19-19 20-20 20-21 21-22 22-22 23-23 24-24 25-25 26-26 27-27 28-28 29-29 30-30 31-31 32-32 33-33 34-34 35-35 36-36 37-37 38-38 39-39 40-40 41-41 42-42 43-43 44-44 45-45 46-46 47-47 48-48 49-49 50-50 51-51 52-52	20-22 21-20 21-21 22-20 22-21								
29:29:00	"It would be incorporated in 1787 . Lucy Mack , the mother of Mormon Church founder joseph smith , was born in Gilsum in 1775 . The town contains stone arch bridge , completed in 1863 with the highest vault ( 36 feet , 6 inches ) of any mortarless bridge in new hampshire ."		"It would be incorporated in 1787 . Lucy Mack , the mother of the Latter Day Saint Movement founder Joseph Smith , was born in Gilsum in 1775 . The town contains stone arch bridge , completed in 1863 with the highest vault ( 36 feet , 6 inches ) of any mortarless bridge in new hampshire ."		1	1	0-0 1-1 2-2 3-3 4-4 5-5 6-6 7-7 8-8 9-9 10-10 11-11 12-12 15-18 16-19 17-20 18-21 19-22 20-23 21-24 22-25 23-26 24-27 25-28 26-29 27-30 28-31 29-32 30-33 31-34 32-35 33-36 34-37 35-38 36-39 37-40 38-41 39-42 40-43 41-44 42-45 43-46 44-47 45-48 46-49 47-50 48-51 49-52 50-53 51-54 52-55 53-56 54-57	13-13 13-14 13-15 13-16 13-17 14-13 14-14 14-15 14-16 14-17								
30:30:00	"Smudja only recently published his much acclaimed comic `` Le Cabaret des Muses '' ( first called `` Le Bordel des Muses '' ; tomes : I , II , III , IV ) , telling the life story of the French masterpainter Toulouse-Lautrec ."		"Smudja only recently published an acclaimed comic `` Le Cabaret des Muses '' ( first called `` Le Bordel des Muses '' ; tomes : I , II , III , IV ) , telling the life story of the French masterpainter Toulouse-Lautrec ."		1	1	0-0 1-1 2-2 3-3 4-4 6-5 7-6 8-7 9-8 10-9 11-10 12-11 13-12 14-13 15-14 16-15 17-16 18-17 19-18 20-19 21-20 22-21 23-22 24-23 25-24 26-25 27-26 28-27 29-28 30-29 31-30 32-31 33-32 34-33 35-34 36-35 37-36 38-37 39-38 40-39 41-40 42-41 43-42 44-43	4-5 5-4 5-5 6-4								
31:31:00	Hjkov 's expertise was leftist and Communist resistance in Second World War ; she focused on individual people and wrote about Jewish Communist resistance fighters when no-one else dared or cared .		Hjkov 's expertise was leftist and Communist resistance in Second World War ; she focused on individual people and wrote about Jewish Communist resistance fighters who were politically unpopular .		1	1	0-0 1-1 2-2 3-3 4-4 5-5 6-6 7-7 8-8 9-9 10-10 11-11 12-12 13-13 14-14 15-15 16-16 17-17 18-18 19-19 20-20 21-21 22-22 23-23 24-24 31-29	25-25 25-26 25-27 25-28 26-25 26-26 26-27 26-28 27-25 27-26 27-27 27-28 28-25 28-26 28-27 28-28 29-25 29-26 29-27 29-28 30-25 30-26 30-27 30-28								
32:32:00	"The film was released on July 1 , 1997 to mixed , but respectful reviews ."		"The film was released on July 1 , 1997 to mixed reviews ."		1	1	0-0 1-1 2-2 3-3 4-4 5-5 6-6 7-7 8-8 9-9 10-10 14-11 15-12	11-10 12-10 13-10								
33:33:00	DiMarco was also an avid supporter for Hillary Clinton 's presidential campaign during the 2016 U.S. election .		DiMarco supported for Hillary Clinton 's presidential campaign during the 2016 U.S. election .		1	1	0-0 5-1 6-2 7-3 8-4 9-5 10-6 11-7 12-8 13-9 14-10 15-11 16-12 17-13	1-1 2-1 3-1 4-1								
34:34:00	"Tectology is a term originally borrowed from Ernst Haeckel and commandeered by Alexander Bogdanov to describe a discipline that consisted of unifying all social , biological and physical sciences , by considering them as systems of relationships , and by seeking the organizational principles that underlie all systems ."		"Tectology is a term used by Alexander Bogdanov to describe a discipline that consisted of unifying all social , biological and physical sciences , by considering them as systems of relationships , and by seeking the organizational principles that underlie all systems ."		1	1	0-0 1-1 2-2 3-3 10-4 11-5 12-6 13-7 14-8 15-9 16-10 17-11 18-12 19-13 20-14 21-15 22-16 23-17 24-18 25-19 26-20 27-21 28-22 29-23 30-24 31-25 32-26 33-27 34-28 35-29 36-30 37-31 38-32 39-33 40-34 41-35 42-36 43-37 44-38 45-39 46-40 47-41 48-42	4-4 5-4 6-4 7-4 8-4 9-4								
35:35:00	"Though he is probably best known from the narrative in Gospel of Matthew of his ordering the Massacre of the Innocents in Bethlehem around the time of the birth of Jesus , to avert the prophecy of a Messiah being born there , the details of his biography can best be pieced together from the works of the Romanized Jew , Josephus ."		"Though he is probably best known from the narrative in Gospel of Matthew , which claims he ordered the Massacre of the Innocents in Bethlehem around the time of the birth of Jesus , to avert the prophecy of a Messiah being born there , the details of his biography can best be pieced together from the works of the Romanized Jew , Josephus ."		1	1	0-0 1-1 2-2 3-3 4-4 5-5 6-6 7-7 8-8 9-9 10-10 11-11 12-12 13-13 14-16 15-17 16-18 17-19 18-20 19-21 20-22 21-23 22-24 23-25 24-26 25-27 26-28 27-29 28-30 29-31 30-32 31-33 32-34 33-35 34-36 35-37 36-38 37-39 38-40 39-41 40-42 41-43 42-44 43-45 44-46 45-47 46-48 47-49 48-50 49-51 50-52 51-53 52-54 53-55 54-56 55-57 56-58 57-59 58-60 59-61 60-62 61-63 62-64	13-14 13-15 13-16 13-17 14-13 14-14 14-15 14-17 15-13 15-14 15-15 15-16								
36:36:00	"Thus , it has been claimed that the term `` self-hating Jew '' is used ( unjustly ) in reference to some Jews , such as Noam Chomsky and Israel Shahak , merely because they are opposed to certain Israeli policies or to Zionism ."		"Thus , it has been claimed that the term `` self-hating Jew '' is used in reference to some Jews , such as Noam Chomsky and Israel Shahak , merely because they are opposed to certain Israeli policies or to Zionism ."		1	1	0-0 1-1 2-2 3-3 4-4 5-5 6-6 7-7 8-8 9-9 10-10 11-11 12-12 13-13 14-14 18-15 19-16 20-17 21-18 22-19 23-20 24-21 25-22 26-23 27-24 28-25 29-26 30-27 31-28 32-29 33-30 34-31 35-32 36-33 37-34 38-35 39-36 40-37 41-38 42-39 43-40 44-41									
37:37:00	"As a bit of an anomaly , he also wrote a biography of Chuck Norris that was published in 1986.ISBN 0-523-90098-8 / 0523900988"		He also wrote a biography of Chuck Norris that was published in 1986.ISBN 0-523-90098-8 / 0523900988		1	1	7-0 8-1 9-2 10-3 11-4 12-5 13-6 14-7 15-8 16-9 17-10 18-11 19-12 20-13 21-14 22-15									
38:38:00	"''So Much for the Afterglow '' was released in October of 1997 . The first two singles from the album , `` Everything to Everyone '' ( a # 1 Modern Rock Tracks hit ) and `` I Will Buy You a New Life '' performed modestly , but helped begin a slow build for the album ."		"''So Much for the Afterglow '' was released in October of 1997 . The first two singles from the album , `` Everything to Everyone '' and `` I Will Buy You a New Life '' performed modestly , but helped begin a slow build for the album . ''"		1	1	0-0 1-1 2-2 3-3 4-4 5-5 6-6 7-7 8-8 9-9 10-10 11-11 12-12 13-13 14-14 15-15 16-16 17-17 18-18 19-19 20-20 21-21 22-22 23-23 24-24 25-25 35-26 36-27 37-28 38-29 39-30 40-31 41-32 42-33 43-34 44-35 45-36 46-37 47-38 48-39 49-40 50-41 51-42 52-43 53-44 54-45 55-46 56-47 57-48									
39:39:00	"The commands inculcated in the Koran ( in five suras from the period after Muhammad had established his power ) on Muslims to put to the sword those who will neither embrace Islam nor pay a poll-tax ( Jizya ) were not interpreted as a general injunction on all Muslims constantly to make war on the infidels ( originally only polytheists who claimed to be monotheists , not `` People of the Book '' , Jesus is seen as the last of the precursors of the Prophet Muhammed ; the word infidel had different historical uses , notably used by the Crusaders to refer to the Muslims they were fighting against ) ."		"The commands inculcated in the Koran ( in five suras from the period after Muhammad had established his power ) on Muslims to fight those who will neither embrace Islam nor pay a poll-tax ( Jizya ) were not interpreted as a general injunction on all Muslims constantly to make war on the infidels ( originally only polytheists who claimed to be monotheists , not `` People of the Book '' , Jesus is seen as the last of the precursors of the Prophet Muhammed ; the word infidel had different historical uses , notably used by the Crusaders to refer to the Muslims they were fighting against ) ."		1	1	0-0 1-1 2-2 3-3 4-4 5-5 6-6 7-7 8-8 9-9 10-10 11-11 12-12 13-13 14-14 15-15 16-16 17-17 18-18 19-19 20-20 21-21 22-22 27-24 28-25 29-26 30-27 31-28 32-29 33-30 34-31 35-32 36-33 37-34 38-35 39-36 40-37 41-38 42-39 43-40 44-41 45-42 46-43 47-44 48-45 49-46 50-47 51-48 52-49 53-50 54-51 55-52 56-53 57-54 58-55 59-56 60-57 61-58 62-59 63-60 64-61 65-62 66-63 67-64 68-65 69-66 70-67 71-68 72-69 73-70 74-71 75-72 76-73 77-74 78-75 79-76 80-77 81-78 82-79 83-80 84-81 85-82 86-83 87-84 88-85 89-86 90-87 91-88 92-89 93-90 94-91 95-92 96-93 97-94 98-95 99-96 100-97 101-98 102-99 103-100 104-101 105-102 106-103 107-104 108-105 109-106 110-107 111-108 112-109	23-23 24-23 25-23 26-23								
40:40:00	"His coaching career started with a bang , with the Bombers making Hird 's presence felt by winning against triple preliminary finalists the in the first round ."		His coaching career began with the Bombers winning against triple preliminary finalists the in the first round .		1	1	0-0 1-1 2-2 3-3 8-4 9-5 10-6 17-7 18-8 19-9 20-10 21-11 22-12 23-13 24-14 25-15 26-16 27-17	4-3 5-3 6-3								
41:41:00	"The film centers on the University of Alabama 's `` stand in the schoolhouse door '' integration crisis of June 1963 . Drew and the other filmmakers , such as D. A. Pennebaker and Richard Leacock , were given access to all the key areas , including United States President John F. Kennedy 's oval office and the homes of United States Attorney General Robert F. Kennedy and Alabama Governor George Wallace ."		"The film centers on the University of Alabama 's `` stand in the schoolhouse door '' integration crisis of June 1963 . Drew and the other filmmakers , including D. A. Pennebaker and Richard Leacock , were given expanded access to key areas , including United States President John F. Kennedy 's oval office and the homes of United States Attorney General Robert F. Kennedy and Alabama Governor George Wallace ."		1	1	0-0 1-1 2-2 3-3 4-4 5-5 6-6 7-7 8-8 9-9 10-10 11-11 12-12 13-13 14-14 15-15 16-16 17-17 18-18 19-19 20-20 21-21 22-22 23-23 24-24 25-25 26-26 27-27 28-28 29-28 30-29 31-30 32-31 33-32 34-33 35-34 36-35 37-36 38-37 39-39 40-40 43-41 44-42 45-43 46-44 47-45 48-46 49-47 50-48 51-49 52-50 53-51 54-52 55-53 56-54 57-55 58-56 59-57 60-58 61-59 62-60 63-61 64-62 65-63 66-64 67-65 68-66 69-67 70-68 71-69 72-70									
42:42:00	"Other town attractions include the Olympic pool ( open November-March ) , two-court basketball stadium , livestock saleyards , art gallery , tourist railway and a very nice 18-hole golf course which is on Warragul-Korumburra Rd ."		"Other town attractions include the Olympic pool ( open November-March ) , two-court basketball stadium , livestock saleyards , art gallery , the South Gippsland tourist railway and a 18-hole golf course on Warragul-Korumburra Rd ."		1	1	0-0 1-1 2-2 3-3 4-4 5-5 6-6 7-7 8-8 9-9 10-10 11-11 12-12 13-13 14-14 15-15 16-16 17-17 18-18 19-19 20-20 21-21 22-25 23-26 24-27 25-28 28-29 29-30 30-31 33-32 34-33 35-34 36-35									
43:43:00	"At the school , he and Jodi Haffner Wallace co-founded the `` Emerson Comedy Workshop , `` a troupe that continues to thrive on-campus to the present day ."		"At the school , he and Jodi Haffner Wallace co-founded the Emerson Comedy Workshop , a troupe that continues on-campus as of at least 2009 ."		1	1	0-0 1-1 2-2 3-3 4-4 5-5 6-6 7-7 8-8 9-9 10-10 12-11 13-12 14-13 15-14 17-15 18-16 19-17 20-18 23-19 24-20 24-21 28-25	21-18 22-18 24-22 24-23 24-24 25-20 25-21 25-22 25-23 25-24 26-20 26-21 26-22 26-23 26-24 27-20 27-21 27-22 27-23 27-24								
44:44:00	"The film Pulp Fiction featuring John Travolta as Vincent Vega glorifies the IV use of the drug , while also giving a bad scene of overdose in Uma Thurman 's character , Mia Wallace ."		"The film Pulp Fiction featuring John Travolta as Vincent Vega shows IV use of the drug , and Uma Thurman 's character Mia Wallace overdoses ."		1	1	0-0 1-1 2-2 3-3 4-4 5-5 6-6 7-7 8-8 9-9 10-10 11-11 12-11 13-12 14-13 15-14 16-15 17-16 27-18 28-19 29-20 30-21 32-22 33-23 34-25									
45:45:00	"Overall , she finished the 2008 IndyCar Series season in sixth place , becoming the best of American drivers ."		"Overall , she finished the 2008 IndyCar Series season in sixth place - the highest championship finish among American drivers for the 2008 season ."		1	1	0-0 1-1 2-2 3-3 4-4 5-5 6-6 7-7 8-8 9-9 10-10 11-11 12-12 14-13 15-14 16-17 17-18 18-19 19-24	14-14 14-15 14-16 14-17 15-13 15-15 15-16 15-17 16-13 16-14 16-15 16-16								
46:46:00	"Venezuela has had a mostly antagonistic relationship with the United States for many reasons : Chvez 's hawkish stance in OPEC , his public friendship and trade relationship with Cuba and Fidel Castro , his numerous public statements in opposition to U.S. economic and foreign policy , ( in response to the ouster of Haitian President Jean-Bertrand Aristide in February 2004 , with U.S. assistance , Chvez called U.S. President George W. Bush a pendejo ( `` prick '' ) and threatened to cut off all oil exports to the United States if it took any more action against his country ) but mainly due to the fact that he ended the long-running understanding between the US and previous Venezuelan governments to sell them oil very cheaply in exchange for their support ( which Chavez , having been democratically elected by a landslide , felt he had no need of - claiming that the profits of Venezuelan oil belonged to the Venezuelan people - not US oil companies ) ."		"Venezuela has had a mostly antagonistic relationship with the United States for many reasons : Chvez 's hawkish stance in OPEC , his public friendship and trade relationship with Cuba and Fidel Castro , his support for the FARC in neighboring Colombia , his numerous public statements in opposition to U.S. economic and foreign policy , ( in response to the ouster of Haitian President Jean-Bertrand Aristide in February 2004 , with U.S. assistance , Chvez called U.S. President George W. Bush a pendejo ( `` prick '' ) and threatened to cut off all oil exports to the United States if it took any more action against his country ) and due to the fact that he ended the long-running understanding between the US and previous Venezuelan governments to sell them inexpensive oil in exchange for their support ."		1	1	0-0 1-1 2-2 3-3 4-4 5-5 6-6 7-7 8-8 9-9 10-10 11-11 12-12 13-13 14-14 15-15 16-16 17-17 18-18 19-19 20-20 21-21 22-22 23-23 24-24 25-25 26-26 27-27 28-28 29-29 30-30 31-31 32-32 33-33 34-43 35-44 36-45 37-46 38-47 39-48 40-49 41-50 42-51 43-52 44-53 45-54 46-55 47-56 48-57 49-58 50-59 51-60 52-61 53-62 54-63 55-64 56-65 57-66 58-67 59-68 60-69 61-70 62-71 63-72 64-73 65-74 66-75 67-76 68-77 69-78 70-79 71-80 72-81 73-82 74-83 75-84 76-85 77-86 78-87 79-88 80-89 81-90 82-91 83-92 84-93 85-94 86-95 87-96 88-97 89-98 90-99 91-100 92-101 93-102 94-103 95-104 96-105 97-106 98-107 99-108 100-109 101-110 102-111 103-111 104-112 105-113 106-114 107-115 108-116 109-117 110-118 111-119 112-120 113-121 114-122 115-123 116-124 117-125 118-126 119-127 120-128 121-129 122-130 123-131 124-133 125-132 126-132 127-134 128-135 129-136 130-137 131-138 169-139									
47:47:00	"Some of the most well known Copts include Boutros Boutros-Ghali the sixth Secretary-General of the United Nations , Sir Magdi Yacoub the world 's most eminent heart surgeon , Hani Azer , a world leading civil engineer , and billionaire Fayez Sarofim , one of the richest men in America and the world ."		"Some of the most well known Copts include Boutros Boutros-Ghali the sixth Secretary-General of the United Nations , Sir Magdi Yacoub a heart surgeon , Hani Azer , a civil engineer , and billionaire Fayez Sarofim , one of the richest men in America and the world ."		1	1	0-0 1-1 2-2 3-3 4-4 5-5 6-6 7-7 8-8 9-9 10-10 11-11 12-12 13-13 14-14 15-15 16-16 17-17 18-18 19-19 20-20 21-21 26-22 27-23 28-24 29-25 30-26 31-27 32-28 35-29 36-30 37-31 38-32 39-33 40-34 41-35 42-36 43-37 44-38 45-39 46-40 47-41 48-42 49-43 50-44 51-45 52-46 53-47									
48:48:00	"When it is used in slang or such a form , the person who said it is usually not truly meaning it , or is joking ."		"When it is used in slang or such a form , the person who said it does not always mean it , or is joking ."		1	1	0-0 1-1 2-2 3-3 4-4 5-5 6-6 7-7 8-8 9-9 10-10 11-11 12-12 13-13 14-14 15-15 16-16 17-18 18-17 20-19 21-20 22-21 23-22 24-23 25-24 26-25	16-17 16-18 16-19 16-20 17-16 17-17 17-19 17-20 18-16 18-18 18-19 18-20 19-16 19-17 19-18 19-19 19-20 20-16 20-17 20-18 20-20 21-16 21-17 21-18 21-19								
49:49:00	"Although Sunday never received a high school diploma , by 1880 he was , according to Lyle Dorsett , `` much better educated than the typical American . ``"		"Although Sunday never received a high school diploma , by 1880 he was better educated than many of his contemporaries ."		1	1	0-0 1-1 2-2 3-3 4-4 5-5 6-6 7-7 8-8 9-9 10-10 11-11 12-12 21-13 22-14 23-15 27-20	20-13 24-16 24-17 24-18 24-19 25-16 25-17 25-18 25-19 26-16 26-17 26-18 26-19								
50:50:00	Economist article on monkey experiments showing behaviours resembling risk aversion ( available only to premium members of economist.com )		Economist article on monkey experiments showing behaviours resembling risk aversion ( requires a paid subscription to economist.com )		1	1	0-0 1-1 2-2 3-3 4-4 5-5 6-6 7-7 8-8 9-9 10-10 14-12 14-13 14-14 15-12 15-13 15-14 17-16 18-17	11-11 11-12 11-13 11-14 11-15 11-16 12-11 12-12 12-13 12-14 12-15 12-16 13-11 13-12 13-13 13-14 13-15 13-16 14-11 14-15 14-16 15-11 15-15 15-16 16-11 16-12 16-13 16-14 16-15 16-16								
51:51:00	"Beginning in the late 20th century , the large numbers of newly arrived legal and illegal Hispanic immigrants served to prevent the Catholic Church from shrinking numerically in America ."		"Beginning in the late 20th century , the large numbers of newly arrived legal and illegal Hispanic immigrants maintained the Catholic Church at it 's current percentage in America ."		1	1	0-0 1-1 2-2 3-3 4-4 5-5 6-6 7-7 8-8 9-9 10-10 11-11 12-12 13-13 14-14 15-15 16-16 17-17 18-18 19-18 20-18 21-19 22-20 23-21 24-22 27-27 28-28 29-29	18-19 18-20 18-21 18-22 18-23 18-24 18-25 18-26 19-19 19-20 19-21 19-22 19-23 19-24 19-25 19-26 20-19 20-20 20-21 20-22 20-23 20-24 20-25 20-26 21-18 21-20 21-21 21-22 21-23 21-24 21-25 21-26 22-18 22-19 22-21 22-22 22-23 22-24 22-25 22-26 23-18 23-19 23-20 23-22 23-23 23-24 23-25 23-26 24-18 24-19 24-20 24-21 24-23 24-24 24-25 24-26 25-18 25-19 25-20 25-21 25-22 25-23 25-24 25-25 25-26 26-18 26-19 26-20 26-21 26-22 26-23 26-24 26-25 26-26								
52:52:00	"Igor Mikhailovich Diakonov was a Russian historian , linguist , and translator who should be ranked among the greatest authorities on Ancient Near East and its languages ."		"Igor Mikhailovich Diakonov was a Russian historian , linguist , and translator and a renowned expert in the Ancient Near East and its languages ."		1	1	0-0 1-1 2-2 3-3 4-4 5-5 6-6 7-7 8-8 9-9 10-10 11-11 12-13 18-14 19-15 20-16 21-17 21-18 22-19 23-20 24-21 25-22 26-23 27-24	12-14 12-15 13-13 13-14 13-15 14-13 14-14 14-15 15-13 15-14 15-15 16-13 16-14 16-15 17-13 17-14 17-15 18-13 18-15 19-13 19-14								
53:53:00	"The song pays tribute to the late New Atheist author Christopher Hitchens , with the line `` I was born sick ; command me to be well '' ."		The song uses the late New Atheist author Christopher Hitchens ' quote `` I was born sick ; command me to be well '' .		1	1	0-0 1-1 2-2 3-2 4-2 5-3 6-4 7-5 8-6 9-7 10-8 11-9 12-11 13-11 14-11 15-11 16-12 17-13 18-14 19-15 20-16 21-17 22-18 23-19 24-20 25-21 26-22 27-23 28-24									
54:54:00	"Home to an ivy-clad ruinous 13th-century Kennedy tower house , idyllic scenery , a public harbour and other facilities , it is a popular place to visit , especially for those boating on the lake ."		"Home to an ivy-clad ruinous 13th-century Kennedy tower house , public harbour and other facilities , it is a destination for some tourists , including those interested in boating on the lake ."		1	1	0-0 1-1 2-2 3-3 4-4 5-5 6-6 7-7 8-8 9-9 14-10 15-11 16-12 17-13 18-14 19-15 20-16 21-17 22-18 24-19 27-23 28-24 29-24 30-25 31-28 32-29 33-30 34-31 35-32	23-19 23-20 23-21 23-22 24-20 24-21 24-22 25-19 25-20 25-21 25-22 26-19 26-20 26-21 26-22								
55:55:00	"France can be considered the originator of state terrorism , breaking ground with the Reign of Terror ( June 1793 – July 1794 ) which was a period in the French Revolution characterized by brutal repression ."		"The Regne Terreur ( Reign of Terror ) ( June 1793 – July 1794 ) , a period in the French Revolution characterized by brutal repression , was an early example of state terrorism in France ."		1	1	0-35 1-27 2-27 3-27 4-28 6-31 7-32 8-33 9-26 13-0 14-4 15-5 16-6 17-8 18-9 19-10 20-11 21-12 22-13 23-14 26-16 27-17 28-18 29-19 30-20 31-21 32-22 33-23 34-24 35-25 36-36									
56:56:00	Laurier chose the following jurists to be appointed as justices of the Supreme Court of Canada by the Governor General :		Laurier chose the following jurists to sit as justices of the Supreme Court of Canada :		1	1	0-0 1-1 2-2 3-3 4-4 5-5 6-6 7-6 8-7 9-8 10-9 11-10 12-11 13-12 14-13 15-14 20-15									
57:57:00	"Furthermore , we possess Ibn Ishaq 's work only in fragments quoted in a folkloric compilation of anecdotes and traditions composed by Islamic story teller ibn hisham ( ? ?"		"Furthermore , we possess Ibn Ishaq 's work only in fragments quoted by later Islamic historians ibn hisham ( ? ?"		1	1	0-0 1-1 2-2 3-3 4-4 5-5 6-6 7-7 8-8 9-9 10-10 11-11 21-12 22-14 23-15 24-15 25-16 26-17 27-18 28-19 29-20									
58:58:00	"The most outrageous , odd fact about this incident is that it began just about 6 minutes from the beginning of the match with the match pursuing its normal course until the end and no one inside the stadium realizing what was going on ."		The incident began just about 6 minutes from the beginning of the match with the match pursuing its normal course until the end and no one inside the stadium realizing what was going on .		1	1	0-0 8-1 12-2 13-3 14-4 15-5 16-6 17-7 18-8 19-9 20-10 21-11 22-12 23-13 24-14 25-15 26-16 27-17 28-18 29-19 30-20 31-21 32-22 33-23 34-24 35-25 36-26 37-27 38-28 39-29 40-30 41-31 42-32 43-33 44-34									
59:59:00	"In the Bah ' Faith according to Bah ' u'llh 's own writing , also there is a limit of two on the number of wives a man can have ."		"According to Bah ' u'llh 's own writing , the number of wives a man can have is limited to two ."		1	1	5-0 6-1 7-2 8-3 9-4 10-5 11-6 12-7 13-8 16-17 17-18 18-18 19-18 20-20 22-9 23-10 24-11 25-12 26-13 27-14 28-15 29-16 30-21	15-17 15-18 15-19 16-18 16-19 17-17 17-19 18-17 18-19 19-17 19-19								
60:60	"He is playing the role of Mangal Pandey , a sepoy in the army of the British East India Company and a leader of Indian rebellion of 1857 . "		"He is playing the role of Mangal Pandey , a sepoy in the army of the British East India Company and a leader of the Indian rebellion of 1857 ( which the British called the Indian Mutiny ) ."		1	1	0-0 1-1 2-2 3-3 4-4 5-5 6-6 7-7 8-8 9-9 10-10 11-11 12-12 13-13 14-14 15-15 16-16 17-17 18-18 19-19 20-20 21-21 22-22 23-23 24-25 25-26 26-27 27-28 28-38 29-38	24-24								
61:61	"One motivation to study mathematical practice is that despite much work in the 20th century , the foundations of mathematics remain unclear and ambiguous ."		"One motivation to study mathematical practice is that , despite much work in the 20th century , some still feel that the foundations of mathematics remain unclear and ambiguous ."		1	1	0-0 1-1 2-2 3-3 4-4 5-5 6-6 7-7 8-9 9-10 10-11 11-12 12-13 13-14 14-15 15-16 16-21 17-22 18-23 19-24 20-25 21-26 22-27 23-28 24-29									
62:62	Choosing to kill himself rather than simply get rid of his burning quiver packed with explosives is incredibly foolish and short-sighted .		They claim that choosing to kill himself rather than simply get rid of his burning quiver packed with explosives is incredibly foolish and short-sighted .		1	1	0-3 1-4 2-5 3-6 4-7 5-8 6-9 7-10 8-11 9-12 10-13 11-14 12-15 13-16 14-17 15-18 16-19 17-20 18-21 19-22 20-23 21-24									
63:63	The term is also applied to non-human populations like ants and bees .		The term `` caste '' is also applied to morphological groupings in female populations of ants and bees .		1	1	0-0 1-1 2-5 3-6 4-7 5-8 7-13 8-14 9-15 10-16 11-17 12-18	6-12 6-13 7-12								
64:64	Kim is rumoured to be engaged to current WWE smackdown !		Kim is rumoured to be engaged to current WWE WWE friday night smackdown ! | smackdown !		1	1	0-0 1-1 2-2 3-3 4-4 5-5 6-6 7-7 8-8 9-12 10-16									
112:112	It is also a dangerous distinction.		And that it is also a dangerous distinction.		1	1	0-2 1-3 2-4 3-5 4-6 5-7									
65:65	These ancient tracks 'criss-cross ' the British Isles and were already very old when the Ancient Romans first came to Britain .		"According to the author , these ancient tracks 'criss-cross ' the British Isles and were already very old when the Ancient Romans first came to Britain ."		1	1	0-5 1-6 2-7 3-8 4-9 5-10 6-11 7-12 8-13 9-14 10-15 11-16 12-17 13-18 14-19 15-20 16-21 17-22 18-23 19-24 20-25 21-26									
66:66	"According to the same article , a court issued a restraining order against Lamo ."		"According to the same article , a court allegedly issued a restraining order against Lamo ."		1	1	0-0 1-1 2-2 3-3 4-4 5-5 6-6 7-7 8-9 9-10 10-11 11-12 12-13 13-14 14-15									
67:67	"It was founded by Dr Azeem Ibrahim , a glasgow-born expert in strategic policy development , and formally launched in June 2012 by Alistair Darling , former chancellor of the exchequer , liberal Democrat MP Jo Swinson and Scottish Conservative Jackson Carlaw ."		"It was founded by Dr Azeem Ibrahim , a glasgow-born expert in strategic policy development , and formally launched in june 2012 by unionist politicians Alistair Darling , former chancellor of the exchequer , Liberal Democrat MP Jo Swinson and Scottish Conservative Jackson Carlaw ."		1	1	0-0 1-1 2-2 3-3 4-4 5-5 6-6 7-7 8-8 9-9 10-10 11-11 12-12 13-13 14-14 15-15 16-16 17-17 18-18 19-19 20-20 21-21 22-22 23-25 24-26 25-27 26-28 27-29 28-30 29-31 30-32 31-33 32-34 33-35 34-36 35-37 36-38 37-39 38-40 39-41 40-42 41-43 42-44									
68:68	World Youth Day is a youth-oriented Roman Catholic Church promotional event .		World Youth Day (Catholic Youth Day) is a youth-oriented Roman Catholic Church promotional event .		1	1	0-0 1-1 2-2 3-6 4-7 5-8 6-9 7-10 8-11 9-12 10-13 11-14									
69:69	Schultz considers himself a `` progressive liberal '' and his talk show is generally considered to be a liberal-leaning program .		Schultz considers himself a `` progressive liberal '' and as such his talk show is generally considered to be a liberal-leaning program .		1	1	0-0 1-1 2-2 3-3 4-4 5-5 6-6 7-7 8-8 9-11 10-12 11-13 12-14 13-15 14-16 15-17 16-18 17-19 18-20 19-21 20-22									
70:70	"Some of his influences are jimi hendrix , james brown , sly & the family stone , curtis mayfield , parliament-funkadelic , stevie wonder , carlos santana , joni mitchell , the beatles , duke ellington and miles davis ."		"Some of his atristic influences are jimi hendrix , james brown , sly & the family stone , curtis mayfield , parliament-funkadelic , stevie wonder , carlos santana , joni mitchell , the beatles , duke ellington and miles davis ."		1	1	0-0 1-1 2-2 3-4 4-5 5-6 6-7 7-8 8-9 9-10 10-11 11-12 12-13 13-14 14-15 15-16 16-17 17-18 18-19 19-20 20-21 21-22 22-23 23-24 24-25 25-26 26-27 27-28 28-29 29-30 30-31 31-32 32-33 33-34 34-35 35-36 36-37 37-38 38-39 39-40									
71:71	"As these events were unfolding , the committee of safety expressed concern for the safety and property of american residents in Honolulu ."		"As these events were unfolding , the committee of safety expressed concern for the safety and property of american residents in Honolulu despite the fact that no apparent threat existed ."		1	1	0-0 1-1 2-2 3-3 4-4 5-5 6-6 7-7 8-8 9-9 10-10 11-11 12-12 13-13 14-14 15-15 16-16 17-17 18-18 19-19 20-20 21-21 22-30									
72:72	"However the attitude of Hindus and congress compelled sir Syed to reconsider his ideas , he was pained to see both congress and hindus working against the interest of the muslims ."		"However the attitude of Hindus and the congress part compelled sir Syed to reconsider his ideas , he was pained to see both congress and hindus working against the interest of the muslims ."		1	1	0-0 1-1 2-2 3-3 4-4 5-5 6-7 7-9 8-10 9-11 10-12 11-13 12-14 13-15 14-16 15-17 16-18 17-19 18-20 19-21 20-22 21-23 22-24 23-25 24-26 25-27 26-28 27-29 28-30 29-31 30-32 31-33	 6-8								
73:73	"It contains a single known species , dilophosaurus wetherilli , known from fossil remains found in the kayenta formation of Arizona ."		"it contains a single known species , dilophosaurus wetherilli , known from fossil remains found in the kayenta formation of Arizona , USA ."		1	1	0-0 1-1 2-2 3-3 4-4 5-5 6-6 7-7 8-8 9-9 10-10 11-11 12-12 13-13 14-14 15-15 16-16 17-17 18-18 19-19 20-20 21-23									
74:74	"In 2000 he scored 51 against gloucestershire , the only half-century of his career ."		"( By contrast , his career average was 10.83 in 2000 he scored 51 against gloucestershire , the only half-century of his career ."		1	1	0-9 1-10 2-11 3-12 4-13 5-14 6-15 7-16 8-17 9-18 10-19 11-20 12-21 13-22 14-23									
75:75	"Following the Itamar massacre and a bombing in Jerusalem , 27 US senators sent a letter requesting the US Secretary of State to identify the administration 's steps to end palestinian incitement to violence against Jews and Israel that was occurring within the `` Palestinian media , mosques and schools , and even by individuals or institutions affiliated with the palestinian authority . ''"		"Following the Itamar massacre and a bombing in Jerusalem , 27 US senators sent a letter requesting the US Secretary of State to identify the administration 's steps to end palestinian incitement to violence against Jews and Israel that they said was occurring within the `` Palestinian media , mosques and schools , and even by individuals or institutions affiliated with the palestinian authority . ''"		1	1	0-0 1-1 2-2 3-3 4-4 5-5 6-6 7-7 8-8 9-9 10-10 11-11 12-12 13-13 14-14 15-15 16-16 17-17 18-18 19-19 20-20 21-21 22-22 23-23 24-24 25-25 26-26 27-27 28-28 29-29 30-30 31-31 32-32 33-33 34-34 35-35 36-36 37-37 38-38 39-41 40-42 41-43 42-44 43-45 44-46 45-47 46-48 47-49 48-50 49-51 50-52 51-53 52-54 53-55 54-56 55-57 56-58 57-59 58-60 59-61 60-62 61-63 62-64 63-65									
76:76	"Big Sur has attracted and inspired a number of writers and artists , most notably henry miller , robinson jeffers , edward weston , trent reznor , mickey muennig , and jack kerouac , who actually wrote a book called big sur ."		"Big Sur has attracted and inspired a number of writers and artists , most notably henry miller , robinson jeffers , edward weston , trent reznor , mickey muennig , richard brautigan and jack kerouac , who actually wrote a book called big sur ."		1	1	0-0 1-1 2-2 3-3 4-4 5-5 6-6 7-7 8-8 9-9 10-10 11-11 12-12 13-13 14-14 15-15 16-16 17-17 18-18 19-19 20-20 21-21 22-22 23-23 24-24 25-25 26-26 27-27 28-28 29-29 30-32 31-33 32-34 33-35 34-36 35-37 36-38 37-39 38-40 39-41 40-42 41-43 42-44									
77:77	"In his spare time , Mangum ( his sweater and genitalia ) enjoys posting on the music board of 4chan"		"In his spare time , Mangum , mainly his sweater and genitalia , enjoys posting on the music board of 4chan"		1	1	0-0 1-1 2-2 3-3 4-4 5-5 6-6 7-8 8-9 9-10 10-11 11-12 12-13 13-14 14-15 15-16 16-17 17-18 18-19 19-20									
78:78	"Frogmen emerging from wells in Iowa , shootouts between u.n.c.l.e ."		"In the series frogmen emerging from wells in Iowa , shootouts between u.n.c.l.e ."		1	1	0-3 1-4 2-5 3-6 4-7 5-8 6-9 7-10 8-11 9-12 10-13									
79:79	The diary was eventually published to acclaim in the 20th century .		The diary was published posthumously in the 20th century .		1	1	0-0 1-1 2-2 3-4 4-3 7-5 8-6 9-7 10-8 11-9									
80:80	"Since April 2014 , the city is the administrative centre of and effectively administered by the Donetsk People 's Republic ."		"Since April 2014 , the city is controlled by pro-Russian separatists from self-proclaimed `` Donetsk People 's Republic `` ."		1	1	0-0 1-1 2-2 3-3 4-4 5-5 6-6 13-7 14-8 16-14 17-15 18-16 19-17 20-19	7-7 8-7 9-7 10-7 11-7 12-7								
81:81	"It has sections across 27 countries ; however , its strongest presence is in Europe , especially in Britain , and in Egypt , where the Revolutionary Socialists have played an important role in industrial struggles against the former regime of Hosni Mubarak and in building a workers ' party since the 2011 revolution ."		"It has sections across 27 countries ; however , its strongest presence is in Europe , especially in Britain , and in Egypt , where the Revolutionary Socialists have played a role in industrial struggles against the former regime of Hosni Mubarak and in the establishment of a workers ' party since the 2011 revolution ."		1	1	0-0 1-1 2-2 3-3 4-4 5-5 6-6 7-7 8-8 9-9 10-10 11-11 12-12 13-13 14-14 15-15 16-16 17-17 18-18 19-19 20-20 21-21 22-22 23-23 24-24 25-25 26-26 27-27 28-28 29-29 30-30 32-31 33-32 34-33 35-34 36-35 37-36 38-37 39-38 40-39 41-40 42-41 43-42 44-43 45-44 45-45 46-47 47-48 48-49 49-50 50-51 51-52 52-53 53-54 54-55	45-46								
82:82	"Eugene 's climate is mild , at an average temperature of 53 degrees F and with an annual rainfall of 43 inches ."		Eugene 's average temperature is 53 degrees F and with an annual rainfall of 43 inches .		1	1	0-0 1-1 8-2 9-3 11-5 12-6 13-7 14-8 15-9 16-10 17-11 18-12 19-13 20-14 21-15 22-16	6-2 6-3 6-4 7-2 7-3 7-4 8-3 8-4 9-2 9-4 10-2 10-3 10-4								
83:83	"Hobart described it as his classic Okie experience , mirroring the great migration so poignantly captured in John Steinbeck 's The Grapes of Wrath and other stories of the Dust Bowl years ."		"He later described it as his classic Okie experience , mirroring the great migration captured in John Steinbeck 's The Grapes of Wrath and other stories of the Dust Bowl years ."		1	1	0-0 1-2 2-3 3-4 4-5 5-6 6-7 7-8 8-9 9-10 10-11 11-12 12-13 15-14 16-15 17-16 18-17 19-18 20-19 21-20 22-21 23-22 24-23 25-24 26-25 27-26 28-27 29-28 30-29 31-30 32-31	0-1								
84:84	Lisa is the daughter of the legendary country music songwriter dennis linde .		His father-in-law is country music songwriter dennis linde .		1	1	1-2 7-3 8-4 9-5 10-6 11-7 12-8									
85:85	"During the investigation , a NASA internal document citing problems with prime Apollo contractor North American Aviation was publicly revealed by a Senator and became known as the `` Phillips Report '' , embarrassing NASA Administrator James E. Webb who claimed he did n't know the report and attracting controversy to the Apollo program ."		"During the investigation , a NASA internal document citing problems with prime Apollo contractor North American Aviation was publicly revealed by a Senator and became known as the `` Phillips Report '' , embarrassing NASA Administrator James E. Webb , who was unaware of the document 's existence , and attracting controversy to the Apollo program ."		1	1	0-0 1-1 2-2 3-3 4-4 5-5 6-6 7-7 8-8 9-9 10-10 11-11 12-12 13-13 14-14 15-15 16-16 17-17 18-18 19-19 20-20 21-21 22-22 23-23 24-24 25-25 26-26 27-27 28-28 29-29 30-30 31-31 32-32 33-33 34-34 35-35 36-36 37-37 38-38 39-40 45-44 46-45 46-46 46-47 47-49 48-50 49-51 50-52 51-53 52-54 53-55 54-56	40-41 40-42 40-43 41-41 41-42 41-43 42-41 42-42 42-43 43-41 43-42 43-43 44-41 44-42 44-43								
86:86	Dave Brown 's prize-winning cartoon of former Israeli Prime Minister Ariel Sharon as a monster eating Palestinian babies ( a pastiche of Francisco de Goya 's 1819 Saturn Devouring His Son ) was criticized by some as antisemitic .		Dave Brown 's cartoon of former Israeli Prime Minister Ariel Sharon as a monster eating Palestinian babies ( a pastiche of Francisco de Goya 's 1819 Saturn Devouring His Son ) drew criticism for its use of classical European anti-Semitic libels under the pretext of criticizing Israel .		1	1	0-0 1-1 2-2 4-3 5-4 6-5 7-6 8-7 9-8 10-9 11-10 12-11 13-12 14-13 15-14 16-15 17-16 18-17 19-18 20-19 21-20 22-21 23-22 24-23 25-24 26-25 27-26 28-27 29-28 30-29 31-30 32-31 32-32 33-31 33-32 37-39 37-40 38-47									
87:87	All three members of the `` Big Three '' were named by the NBA to the NBA 's 50th Anniversary All-Time Team and should be regarded as the greatest frontcourt in NBA history .		All three members of the `` Big Three '' were named by the NBA to the NBA 's 50th Anniversary All-Time Team and are regarded as one of the greatest frontcourts in NBA history .		1	1	0-0 1-1 2-2 3-3 4-4 5-5 6-6 7-7 8-8 9-9 10-10 11-11 12-12 13-13 14-14 15-15 16-16 17-17 18-18 19-19 20-20 21-21 22-22 23-23 24-23 25-24 26-25 27-28 28-29 29-30 30-31 31-32 32-33 33-34									
88:88	"He welcomed the International Criminal Court arrest warrant against the Sudanese dictator Omar al-Bashir and sent an open letter to the Prosecutor General of the ICC , Luis Moreno-Ocampo , questioning the liability of the ICC ."		"In connexion to the International Criminal Court 's arrest warrant against the Sudanese dictator Omar al-Bashir , he sent an open letter to the Prosecutor General of the ICC , Luis Moreno-Ocampo , questioning the liability of the ICC ."		1	1	2-3 3-4 4-5 5-6 6-8 7-9 8-10 9-11 10-12 11-13 12-14 13-15 15-18 16-19 17-20 18-21 19-22 20-23 21-24 22-25 23-26 24-27 25-28 26-29 27-30 28-31 29-32 30-33 31-34 32-35 33-36 34-37 35-38 36-39	0-0 0-1 0-2 1-0 1-1 1-2 14-16 14-17								
89:89	"While this is true for many brands of cigarettes , in Canada the major cigarette brands all contain 100 % natural Virginia Leaf - no additives ."		"While this is true for many brands of cigarettes , in Canada the major cigarette brands are all required to contain 100 % Virginia Leaf , without additives ."		1	1	0-0 1-1 2-2 3-3 4-4 5-5 6-6 7-7 8-8 9-9 10-10 11-11 12-12 13-13 14-14 15-15 16-17 17-20 18-21 19-22 21-23 22-24 23-25 24-26 25-27 26-28	16-16 16-18 16-19 24-27 25-26								
90:90	"Junta leader Sonthi was forced to deny it the rumors on television , claiming `` I have risked myself to do what the people wished ."		"Junta leader Sonthi denied the rumors on television , saying `` I have risked myself to do what the people wished ."		1	1	0-0 1-1 2-2 6-3 8-4 9-5 10-6 11-7 12-8 13-9 14-10 15-11 16-12 17-13 18-14 19-15 20-16 21-17 22-18 23-19 24-20 25-21	3-3 4-3 5-3 7-3								
91:91	"The battle was a decisive victory for the British , who prevented the Colonial re-capture of Germantown and even perhaps a siege of Philadelphia ."		"The battle was a victory for the British , who prevented the Colonial re-capture of Germantown ."		1	1	0-0 1-1 2-2 3-3 5-4 6-5 7-6 8-7 9-8 10-9 11-10 12-11 13-12 14-13 15-14 16-15 24-16									
92:92	The world number one and number two from 1913 ( rankings more or less subjective but nevertheless arguable )		The world number one and number two from 1913 ( objective in intent but admittedly sometimes arguable )		1	1	0-0 1-1 2-2 3-3 4-4 5-5 6-6 7-7 8-8 9-9 15-13 16-14 16-15 17-16 18-17	10-10 10-11 10-12 11-10 11-11 11-12 12-10 12-11 12-12 13-10 13-11 13-12 14-10 14-11 14-12								
93:93	"Daniel DeSanto is well known for his role in Mean Girls in 2004 , however , his claim to fame is stemmed from the TV show Are You Afraid of the Dark ?"		"Daniel DeSanto is most known for his role in Mean Girls in 2004 , as well as the TV show Are You Afraid of the Dark ?"		1	1	0-0 1-1 2-2 3-3 4-4 5-5 6-6 7-7 8-8 9-9 10-10 11-11 12-12 13-13 23-17 24-18 25-19 26-20 27-21 28-22 29-23 30-24 31-25 32-26	14-14 14-15 14-16 15-14 15-15 15-16 16-14 16-15 16-16 17-14 17-15 17-16 18-14 18-15 18-16 19-14 19-15 19-16 20-14 20-15 20-16 21-14 21-15 21-16 22-14 22-15 22-16								
94:94	"Afer its takeover by Petersham RSL Club , the former Newtown RSL reopened as a music venue under the name of @ Newtown , although live concerts has effectively ceased since 2006 as the venue has been adapted to exploit the current craze for poker ."		"Afer its takeover by Petersham RSL Club , the former Newtown RSL reopened as a music venue under the name of @ Newtown , although live concerts has ceased since 2006 ."		1	1	0-0 1-1 2-2 3-3 4-4 5-5 6-6 7-7 8-8 9-9 10-10 11-11 12-12 13-13 14-14 15-15 16-16 17-17 18-18 19-19 20-20 21-21 22-22 23-23 24-24 25-25 26-26 27-27 29-28 30-29 31-30 45-31									
95:95	"Euroscepticism ( also known as EU-scepticism , anti-EUism or Eurorealism ) is criticism of , or opposition to , the European Union ( EU ) ."		"Euroscepticism ( also known as EU-scepticism or anti-EUism ) is criticism of , or opposition to , the European Union ( EU ) ."		1	1	0-0 1-1 2-2 3-3 4-4 5-5 6-6 8-6 9-7 10-8 11-9 12-10 13-11 14-12 15-13 16-14 17-15 18-16 19-17 20-18 21-19 22-20 23-21 24-22 25-23									
96:96	"Ruth Dudley Edwards , a noted revisionist historian and Unionist , made the following conclusions about Pearse and the Rising : Pearse and his colleagues had no mandate , merely a belief that because their judgement was superior to those of the population at large , they were entitled to use violence ."		"Ruth Dudley Edwards , a noted historian , made the following conclusions about Pearse and the Rising : Pearse and his colleagues had no mandate , merely a belief that because their judgement was superior to those of the population at large , they were entitled to use violence ."		1	1	0-0 1-1 2-2 3-3 4-4 5-5 7-6 10-7 11-8 12-9 13-10 14-11 15-12 16-13 17-14 18-15 19-16 20-17 21-18 22-19 23-20 24-21 25-22 26-23 27-24 28-25 29-26 30-27 31-28 32-29 33-30 34-31 35-32 36-33 37-34 38-35 39-36 40-37 41-38 42-39 43-40 44-41 45-42 46-43 47-44 48-45 49-46 50-47 51-48 52-49	6-6 8-6 9-6								
97:97	"In the 20th century , many westerners involved in the counter-cultural movement have created modern spiritual practices influenced by their ideas of indigenous spiritual practices from across the world , creating what has been termed neoshamanism or the neoshamanic movement ."		"In the 20th century , many westerners involved in the counter-cultural movement have created modern magico-religious practices influenced by their ideas of indigenous religions from across the world , creating what has been termed neoshamanism or the neoshamanic movement ."		1	1	0-0 1-1 2-2 3-3 4-4 5-5 6-6 7-7 8-8 9-9 10-10 11-11 12-12 13-13 14-14 15-15 16-16 17-17 18-18 19-19 20-20 21-21 22-22 23-23 24-23 25-24 26-25 27-26 28-27 29-28 30-29 31-30 32-31 33-32 34-33 35-34 36-35 37-36 38-37 39-38 40-39									
98:98	Daniels excused the domestic violence and turned Howard into the victim saying `` that poor boy . ''		Daniels excused the domestic violence and called Howard `` that poor boy . ''		1	1	0-0 1-1 2-2 3-3 4-4 5-5 6-6 7-7 12-8 13-9 14-10 15-11 16-12 17-13									
99:99	"On both days , students who dressed up were forced by administrators to change clothes ."		"On both days , students who dressed up were required by administration to change clothes ."		1	1	0-0 1-1 2-2 3-3 4-4 5-5 6-6 7-7 8-8 9-9 10-10 11-11 12-12 13-13 14-14 15-15									
100:100	Ariel ( Hebrew : ) is an Israeli city located in the biblical region of Samaria ( northern Israeli administered West Bank ) near the ancient village of Timnat Serah .		Ariel ( Hebrew : ) is an Israeli settlement located in the biblical region of Samaria ( northern Israeli occupied West Bank ) near the ancient village of Timnat Serah .		1	1	0-0 1-1 2-2 3-3 4-4 5-5 6-6 7-7 8-8 9-9 10-10 11-11 12-12 13-13 14-14 15-15 16-16 17-17 18-18 19-19 20-20 21-21 22-22 23-23 24-24 25-25 26-26 27-27 28-28 29-29 30-30									
101:101	"Later in 2013 , Rusty Foster published an article in the New Yorker on the Obamacare healthcare.gov mess ."		"Later in 2013 , Rusty Foster published an article in the New Yorker on the healthcare.gov issue ."		1	1	0-0 1-1 2-2 3-3 4-4 5-5 6-6 7-7 8-8 9-9 10-10 11-11 12-12 13-13 14-14 16-15 17-16 18-17	15-15 15-16 16-16 17-15								
102:102	"In a jazz group , four-mallet vibraphonists will often be considered part of the rhythm section , usually substituting for piano or guitar , and providing accompaniment for other soloists in addition to soloing themself ."		"In jazz groups , four-mallet vibraphonists are often considered part of the rhythm section , typically substituting for piano or guitar , and providing accompaniment for other soloists in addition to soloing themselves ."		1	1	0-0 2-1 3-2 4-3 5-4 6-5 7-6 8-7 9-6 10-8 11-9 12-10 13-11 14-12 15-13 16-14 17-15 18-16 19-17 20-18 21-19 22-20 23-21 24-22 25-23 26-24 27-25 28-26 29-27 30-28 31-29 32-30 33-31 34-32 35-33	7-7 8-6 9-7								
103:103	"Much of her animosity against Hooper may have been derived from disappointment that she was not given any role in dealing with his literary legacy , though Lewis himself acknowledged her as highly knowledgeable about his bibliography ."		"Much of her animosity against Hooper may have been derived from disappointment that she was not given any role in dealing with his literary legacy , though Lewis acknowledged her as knowledgeable about his bibliography ."		1	1	0-0 1-1 2-2 3-3 4-4 5-5 6-6 7-7 8-8 9-9 10-10 11-11 12-12 13-13 14-14 15-15 16-16 17-17 18-18 19-19 20-20 21-21 22-22 23-23 24-24 25-25 26-26 27-27 29-28 30-29 31-30 33-31 34-32 35-33 36-34 37-35									
104:104	"However , the Liahona ceases functioning at times when the passengers of the ship lose faith in God ."		"However , the Liahona ceased functioning at times when the passengers of the ship demonstrated a loss of faith in God 's commandments ."		1	1	0-0 1-1 2-2 3-3 4-4 5-5 6-6 7-7 8-8 9-9 10-10 11-11 12-12 13-13 14-14 14-15 14-16 14-17 15-18 16-19 17-20 18-23									
105:105	A 2921 City Council majority refused to enact Washington 's reform legislation and prevented him from appointing reform nominees to boards and commissions .		A 2921 City Council majority refused to enact Washington 's legislation and prevented him from appointing nominees to boards and commissions .		1	1	0-0 1-1 2-2 3-3 4-4 5-5 6-6 7-7 8-8 9-9 11-10 12-11 13-12 14-13 15-14 16-15 18-16 19-17 20-18 21-19 22-20 23-21									
106:106	"The principality of serbia was a state in the balkans that came into existence as a result of the serbian revolution which lasted between 1804 and 1817. despite serious and extremely brutal oppression and revenge by the ottoman authorities , the revolutionary leaders , first karaore and then milo obrenovi , succeeded in their goal to liberate serbia after centuries of turkish rule ."		"The principality of serbia was a state in the balkans that came into existence as a result of the serbian revolution which lasted between 1804 and 1817. despite serious and brutal oppression and retaliation by the ottoman authorities , the revolutionary leaders , first karaore and then milo obrenovi , succeeded in their goal to liberate serbia after centuries of turkish rule ."		1	1	0-0 1-1 2-2 3-3 4-4 5-5 6-6 7-7 8-8 9-9 10-10 11-11 12-12 13-13 14-14 15-15 16-16 17-17 18-18 19-19 20-20 21-21 22-22 23-23 24-24 25-25 26-26 27-27 28-28 29-29 31-30 32-31 33-32 34-33 35-34 36-35 37-36 38-37 39-38 40-39 41-40 42-41 43-42 44-43 45-44 46-45 47-46 48-47 49-48 50-49 51-50 52-51 53-52 54-53 55-54 56-55 57-56 58-57 59-58 60-59 61-60 62-61 63-62									
107:107	The famous Moozhikkulam Lakshmana Temple is at a walkable distance from Parakkadavu .		The Moozhikkulam Lakshmana Temple is a short distance from Parakkadavu .		1	1	0-0 2-1 3-2 4-3 5-4 7-5 8-6 9-7 10-8 11-9 12-10	8-7 9-6								
108:108	"In addition to his work on SNL , Mulaney is a prolific stand-up comedian ."		"In addition to his work on SNL , Mulaney has worked for a number of years as a stand-up comedian ."		1	1	0-0 1-1 2-2 3-3 4-4 5-5 6-6 7-7 8-8 10-17 12-18 13-19 14-20	9-9 9-10 9-11								
109:109	"His recent program on KNGY , Energy 92.7 , San Francisco was cancelled as of June 24 , 2009 after only three months on the air ."		"His recent program on KNGY , Energy 92.7 , San Francisco was canceled as of June 24 , 2009 after three months on the air ."		1	1	0-0 1-1 2-2 3-3 4-4 5-5 6-6 7-7 8-8 9-9 10-10 11-11 12-12 13-13 14-14 15-15 16-16 17-17 18-18 19-19 21-20 22-21 23-22 24-23 25-24 26-25									
110:110	"Depending on the convention and model , some continents may be consolidated or subdivided : for example , eurasia is often subdivided into europe and asia ( red colours ) , while north and south america are sometimes reckoned as one american continent ( green colours ) ."		"depending on the convention and model , some continents may be consolidated or subdivided : for example , eurasia is often subdivided into europe and asia ( red shades ) , while north and south america are sometimes reckoned as one american continent ( green shades ) ."		1	1	0-0 1-1 2-2 3-3 4-4 5-5 6-6 7-7 8-8 9-9 10-10 11-11 12-12 13-13 14-14 15-15 16-16 17-17 18-18 19-19 20-20 21-21 22-22 23-23 24-24 25-25 26-26 27-27 28-28 29-29 30-30 31-31 32-32 33-33 34-34 35-35 36-36 37-37 38-38 39-39 40-40 41-41 42-42 43-43 44-44 45-45 46-46 47-47									
111:111	"The massacre provoked shock in the U.S. public , with newspapers equating the massacre to George Armstrong Custer 's last stand at the battle of the little bighorn in 1876 . Major General Adna R. Chaffee , military governor of the philippines , received orders from President Theodore Roosevelt to pacify Samar ."		"the attack provoked shock in the U.S. public , with newspapers equating what they called a `` massacre `` to George Armstrong Custer 's last stand at the battle of the little bighorn in 1876 . Major General Adna R. Chaffee , military governor of the philippines , received orders from President Theodore Roosevelt to pacify Samar ."		1	1	0-0 1-1 2-2 3-3 4-4 5-5 6-6 7-7 8-8 9-9 10-10 11-11 12-15 13-17 14-19 15-20 16-21 17-22 18-23 19-24 20-25 21-26 22-27 23-28 24-29 25-30 26-31 27-32 28-33 29-34 30-35 31-36 32-37 33-38 34-39 35-40 36-41 37-42 38-43 39-44 40-45 41-46 42-47 43-48 44-49 45-50 46-51 47-52 48-53 49-54 50-55 51-56 52-57									
113:113	Also some letters combinations like `` PKK '' are banned due to their referring to state-enemy organizations or racy words .		Also some letters combinations like `` PKK '' are not issued due to their referring to political organizations or words likely to cause offence .		1	1	0-0 1-1 2-2 3-3 4-4 5-5 6-6 7-7 8-8 9-9 9-10 10-11 11-12 12-13 13-14 14-15 15-16 16-17 17-18 19-19 20-24	18-20 18-21 18-22 18-23								
114:114	This has given rise to the term Ripperologist to refer to amateurs and professionals who study and analyze the case .		This has given rise to the term Ripperologist to refer to professional historians and authors as well as amateurs who study and analyze the case .		1	1	0-0 1-1 2-2 3-3 4-4 5-5 6-6 7-7 8-8 9-9 10-10 11-18 12-13 13-11 13-12 14-19 15-20 16-21 17-22 18-23 19-24 20-25									
115:115	Free Video of # 2 in the famous Horowitz arrangement by Sean Bennett		Video of # 2 in the Horowitz arrangement by Sean Bennett		1	1	1-0 2-1 3-2 4-3 5-4 6-5 8-6 9-7 10-8 11-9 12-10									
116:116	"Gillespie was born in Brooklyn , New York and grew up wealthy in suburban New Jersey ."		"Gillespie was born in Brooklyn , New York and grew up in New Jersey ."		1	1	0-0 1-1 2-2 3-3 4-4 5-5 6-6 7-7 8-8 9-9 10-10 12-11 14-12 15-13 16-14									
117:117	"In the two season he played for the Eskimos , he recorded a total of just 6 tackles and 2 sacks ."		"In the two seasons he played for the Eskimos , he recorded a total of 6 tackles and 2 sacks ."		1	1	0-0 1-1 2-2 3-3 4-4 5-5 6-6 7-7 8-8 9-9 10-10 11-11 12-12 13-13 14-14 16-15 17-16 18-17 19-18 20-19 21-20									
118:118	"Marsha has appeared in feature hit films such as D.C. Cab ( 1983 ) and Mask ( 1985 ) , hosted The Marsha Warfield Show for two years ( 1990-1991 ) and has made guest appearances on many notable television shows , including Riptide , Family Ties , Clueless and Star Dates ."		"Marsha has appeared in feature films such as D.C. Cab ( 1983 ) and Mask ( 1985 ) , hosted The Marsha Warfield Show for two years ( 1990-1991 ) and has made guest appearances on many television shows , including Riptide , Family Ties , Clueless and Star Dates ."		1	1	0-0 1-1 2-2 3-3 4-4 6-5 7-6 8-7 9-8 10-9 11-10 12-11 13-12 14-13 15-14 16-15 17-16 18-17 19-18 20-19 21-20 22-21 23-22 24-23 25-24 26-25 27-26 28-27 29-28 30-29 31-30 32-31 33-32 34-33 35-34 36-35 37-36 39-37 40-38 41-39 42-40 43-41 44-42 45-43 46-44 47-45 48-46 49-47 50-48 51-49 52-50									
119:119	"However , some behavioural psychologists argue that self-awareness of one 's situation , or the ability to identify with somebody else 's predicament , are prerequisites for laughter , so animals are not really laughing in the same way that we do ."		"However , some behavioural psychologists argue that self-awareness of one 's situation , or the ability to identify with somebody else 's predicament , are prerequisites for laughter , so animals may not be laughing in the same way that we do ."		1	1	0-0 1-1 2-2 3-3 4-4 5-5 6-6 7-7 8-8 9-9 10-10 11-11 12-12 13-13 14-14 15-15 16-16 17-17 18-18 19-19 20-20 21-21 22-22 23-23 24-24 25-25 26-26 27-27 28-28 29-29 30-30 31-31 32-32 34-34 35-35 36-36 37-37 38-38 39-39 40-40 41-41 42-42	31-32 31-33 32-31 32-33 33-31 33-32 33-33								
120:120	She is married to Australian cricketing great Mark Waugh .		She is married to former Australian cricketer Mark Waugh .		1	1	0-0 1-1 2-2 3-3 4-5 5-6 6-6 7-7 8-8 9-9									
121:121	"He has been staring in several popular tv- series like Heroes , CSI : Miami , Boston Legal , Medium , Nip/Tuck , Without a Trace , The West Wing and 24 for which he got nominated for an ALMA Award ."		"He has starred in television series including Heroes , CSI : Miami , Boston Legal , Medium , Nip/Tuck , Without a Trace , The West Wing and 24 for which he got nominated for an ALMA Award ."		1	1	0-0 1-1 2-2 3-2 4-3 7-4 8-5 9-6 10-7 11-8 12-9 13-10 14-11 15-12 16-13 17-14 18-15 19-16 20-17 21-18 22-19 23-20 24-21 25-22 26-23 27-24 28-25 29-26 30-27 31-28 32-29 33-30 34-31 35-32 36-33 37-34 38-35 39-36 40-37 41-38	1-2 2-1 3-1 5-4 5-5 5-6 6-4 6-5 6-6 7-5 7-6 8-4 8-6 9-4 9-5								
122:122	"After the death of Persian ruler Nadir Shah , Azerbaijan split into several khanates one of which was the Karabakh Khanate founded by Azerbaijani ruler Panah Ali Khan Javanshir ."		"After the death of Persian ruler Nadir Shah , the territory that is nowadays Azerbaijan split into several Caucasian khanates one of which was the Karabakh Khanate founded by Panah Ali Khan Javanshir ."		1	1	0-0 1-1 2-2 3-3 4-4 5-5 6-6 7-7 8-8 9-14 10-15 11-16 12-17 13-19 14-20 15-21 16-22 17-23 18-24 19-25 20-26 21-27 22-28 25-29 26-30 27-31 28-32 29-33									
123:123	"Obstetricians are surgeons , who are trained to see childbirth as potentially pathological and in need of routine interventions to ensure a safe outcome for the woman and the baby ."		"Obstetricians are surgeons , who are trained to recognize childbirth as potentially dangerous and sometimes requires intervention to ensure a safe outcome for the woman and the baby ."		1	1	0-0 1-1 2-2 3-3 4-4 5-5 6-6 7-7 8-8 9-9 10-10 11-11 12-12 13-13 14-15 15-15 16-15 18-16 19-17 20-18 21-19 22-20 23-21 24-22 25-23 26-24 27-25 28-26 29-27 30-28	14-16 15-16 16-16 17-15 17-16 18-15								
124:124	"On 30 January , Wilhelm Gustloff , Hansa and the whaling boat Walter Rau , all overfilled with refugees , left harbour at the town of Gdynia in occupied Poland for Kiel ."		"On 30 January , Wilhelm Gustloff , Hansa and the whaling boat Walter Rau , all overfilled with refugees , left the Gotenhafen ( harbour ) at the town of Gdingen , now ( Gdynia for Kiel ."		1	1	0-0 1-1 2-2 3-3 4-4 5-5 6-6 7-7 8-8 9-9 10-10 11-11 12-12 13-13 14-14 15-15 16-16 17-17 18-18 19-19 20-20 21-24 22-26 23-27 24-28 25-29 26-34 30-35 31-36 32-37	21-21 21-22 21-23 21-25								
125:125	"However , fraud is a legal term and legal opinions differ from those of astronomers ; in other words , in many cases , private company commercial star naming is completely legal and therefore not a fraud or a scam , despite what many astronomers think ."		"However , fraud is a legal term and legal opinions differ from those of astronomers ; in other words , in many cases , unofficial star naming by a private company is legal and therefore not a fraud or a scam ."		1	1	0-0 1-1 2-2 3-3 4-4 5-5 6-6 7-7 8-8 9-9 10-10 11-11 12-12 13-13 14-14 15-15 16-16 17-17 18-18 19-19 20-20 21-21 22-22 23-23 24-28 24-29 25-30 26-24 27-25 28-26 29-31 31-32 32-33 33-34 34-35 35-36 36-37 37-38 38-39 39-40 46-41	24-30 25-28 25-29								
126:126	"Although production of the gun was stopped in 1941 , it saw combat with the Red Army until the end of Great Patriotic War and remained in service until the 1950s ."		"Although production of the gun was stopped in 1941 , it saw combat with the Red Army until the end of world war two and remained in service until the 1950s ."		1	1	0-0 1-1 2-2 3-3 4-4 5-5 6-6 7-7 8-8 9-9 10-10 11-11 12-12 13-13 14-14 15-15 16-16 17-17 18-18 19-19 20-20 23-22 24-24 25-25 26-26 27-27 28-28 29-29 30-30 31-31	21-21 21-22 21-23 22-21 22-22 22-23 23-21 23-23								
127:127	An indigenous Lumad child dies in an evacuation center while the Philippine Senate investigates the September 1 murders of an indigenous Lumad family and the rape of an indigenous Manobo girl by soldiers and militiamen of the Philippine Army under the guise of fighting a communist rebellion .		An indigenous Lumad child dies in an evacuation center while the Philippine Senate investigates the alleged September 1 murders of an indigenous Lumad family and the alleged rape of an indigenous Manobo girl by soldiers and militiamen of the Philippine Army .		1	1	0-0 1-1 2-2 3-3 4-4 5-5 6-6 7-7 8-8 9-9 10-10 11-11 12-12 13-13 14-14 15-16 16-17 17-18 18-19 19-20 20-21 21-22 22-23 23-24 24-25 25-27 26-28 27-29 28-30 29-31 30-32 31-33 32-34 33-35 34-36 35-37 36-38 37-39 38-40 47-41									
128:128	"The film received extensive critical acclaim , even from critics who had formerly trashed director Gregg Araki 's work ."		"The film received extensive critical acclaim , even from critics who had reacted negatively Araki 's earlier work ."		1	1	0-0 1-1 2-2 3-3 4-4 5-5 6-6 7-7 8-8 9-9 10-10 11-11 14-14 15-14 16-14 17-15 18-17 19-18	12-12 12-13 13-12 13-13								
129:129	At 16 he read a copy of the Diamond Sutra and had mystical experiences which confirmed for him that he was a Buddhist and always had been .		"At 16 he read the Diamond Sutra , and is reported to have had mystical experiences , which he later said confirmed for him that he was a Buddhist and always had been ."		1	1	0-0 1-1 2-2 3-3 7-4 8-5 9-6 10-8 11-13 12-14 13-15 14-17 15-21 16-22 17-23 18-24 19-25 20-26 21-27 22-28 23-29 24-30 25-31 26-32 27-33									
130:130	H Xun Hng ( 17721822 ) ( Hn T : ) was a Vietnamese poet born at the end of the L Dynasty who grew up in an era of political and social turmoil : the time of the Ty Sn rebellion and the reactionary rule of Nguyn nh .		H Xun Hng ( 17721822 ) ( Hn T : ) was a Vietnamese poet born at the end of the L Dynasty who grew up in an era of political and social turmoil : the time of the Ty Sn rebellion and a three-decades civil war that led to Nguyn nh seizing power as Emperor Gia Long and starting the Nguyen Dynasty .		1	1	0-0 1-1 2-2 3-3 4-4 5-5 6-6 7-7 8-8 9-9 10-10 11-11 12-12 13-13 14-14 15-15 16-16 17-17 18-18 19-19 20-20 21-21 22-22 23-23 24-24 25-25 26-26 27-27 28-28 29-29 30-30 31-31 32-32 33-33 34-34 35-35 36-36 37-37 38-38 39-39 40-40 41-41 42-42 43-43 47-61 49-63	44-52 44-53 45-52 45-53								
131:131	A common publicity stunt consists of showing that a MacBook Air can fit in a manilla envelope .		Publicity for the MacBook Air shows that it can fit inside a manilla envelope .		1	1	2-0 6-5 7-6 8-2 9-3 10-4 11-8 12-9 13-10 14-11 15-12 16-13 17-14	0-0 1-0 3-0 4-1 5-1								
132:132	"Following his election in 1992 , President Bill Clinton oversaw the largest economic expansion in American history , thanks to sound economic policies that helped to stoke the digital revolution and new business opportunities created by the Internet ."		"Following his election in 1992 , the United States experienced the largest economic expansion in American history , which is primarily attributed to the digital revolution and new business opportunities created by the Internet ."		1	1	0-0 1-1 2-2 3-3 4-4 5-5 9-9 10-10 11-11 12-12 13-13 14-14 15-15 16-16 17-17 19-22 27-23 28-24 29-25 30-26 31-27 32-28 33-29 34-30 35-31 36-32 37-33 38-34	6-6 6-7 6-8 6-9 7-6 7-7 7-8 7-9 8-6 8-7 8-8 8-9 9-6 9-7 9-8 18-18 18-19 18-20 18-21 18-22 19-18 19-19 19-20 19-21								
133:133	"Jordan was picked third , by the Chicago Bulls , and would go on to be considered the greatest player in basketball history , earning five NBA Most Valuable Player Awards ."		"Jordan was picked third , by the Chicago Bulls , and would go on to be considered as one of the greatest players in basketball history , earning five NBA Most Valuable Player Awards ."		1	1	0-0 1-1 2-2 3-3 4-4 5-5 6-6 7-7 8-8 9-9 10-10 11-11 12-12 13-13 14-14 15-15 16-16 17-20 18-21 19-22 20-23 21-24 22-25 23-26 24-27 25-28 26-29 27-30 28-31 29-32 30-33 31-34									
134:134	Senator Mohammad Ishaq Dar ( Urdu : ) ; is a chartered accountant & a leading financial-cum-economic expert who is serving his country as the Federal Finance Minister of Pakistan .		Senator Mohammad Ishaq Dar ( Urdu : ) ; is a chartered accountant who is serving as the Finance Minister of Pakistan .		1	1	0-0 1-1 2-2 3-3 4-4 5-5 6-6 7-7 8-8 9-9 10-10 11-11 12-12 18-13 19-14 20-15 23-16 24-17 26-18 27-18 27-19 28-20 29-21 30-22	25-18 25-19 26-19								
135:135	"In a dominant year , Schumacher used the amazingly successful Ferrari F2002 to full effect , easily retaining his drivers ' championship ."		"In a dominant year , Schumacher used the Ferrari F2002 , retaining his drivers ' championship ."		1	1	0-0 1-1 2-2 3-3 4-4 5-5 6-6 7-7 10-8 11-9 15-10 17-11 18-12 19-13 20-14 21-15 22-16									
136:136	"Despite relaxation of the rules , the Waffen-SS was still based on the racist ideology of Nazism , and ethnic Poles ( who were viewed as subhumans ) were barred specifically from the formations ."		"Despite relaxation of the rules , the Waffen-SS was still based on the political and social ideology 's of Nazism , and ethnic Poles ( who were viewed as subhumans ) were barred specifically from the formations ."		1	1	0-0 1-1 2-2 3-3 4-4 5-5 6-6 7-7 8-8 9-9 10-10 11-11 12-12 14-16 15-18 16-19 17-20 18-21 19-22 20-23 21-24 22-25 23-26 24-27 25-28 26-29 27-30 28-31 29-32 30-33 31-34 32-35 33-36 34-37	13-13 13-14 13-15 13-16 13-17 14-13 14-14 14-15 14-17								
137:137	"The 'no ' campaign has support from white supremacist groups such as `` Iron March '' and `` Australian Traditional Nationalist '' , who have distributed posters in Melbourne ."		"White supremacist groups , `` Iron March '' and `` Australian Traditional Nationalist '' , have distributed 'no ' campaign posters in Melbourne ."		1	1	7-0 8-1 9-2 12-4 13-5 14-6 15-7 16-8 17-9 18-10 19-11 20-12 21-13 22-14 24-15 25-16 26-20 27-21 28-22 29-23	10-3 11-3								
138:138	"By the beginning of the Romantic era , its grand , artificial , vaguely euphuistic style had made it thoroughly alien to more modern tastes ."		"By the beginning of the Romantic era , its grand , artificial , sometimes obstinately unwieldy style ( sometimes held to be euphuistic , perhaps wrongly ) had made it thoroughly alien to more modern tastes ."		1	1	0-0 1-1 2-2 3-3 4-4 5-5 6-6 7-7 8-8 9-9 10-10 11-11 12-12 13-13 13-14 14-15 15-16 16-27 17-28 18-29 19-30 20-31 21-32 22-33 23-34 24-35 25-36	13-15 14-13 14-14								
139:139	"Germany suffered mass rape of German women and the destruction of numerous major cities due to allied bombing , street battles and laid firestorms during the war ."		"Germany , like many of the countries it had occupied , suffered mass rape of German women and the destruction of numerous major cities due to bombing and fighting during the war ."		1	1	0-0 1-11 2-12 3-13 4-14 5-15 6-16 7-17 8-18 9-19 10-20 11-21 12-22 13-23 14-24 15-25 17-26 21-27 23-28 24-29 25-30 26-31 27-32	22-28								
140:140	"Harris County Transit operates a comprehensive bus route that runs through most of the city , stopping at health centers , shopping centers , colleges , and other important centers of Pasadena including traveling to the neighboring cities of South Houston and La Porte , with a transfer to Baytown ."		"Harris County Transit operates a bus route that runs through most of the city , stopping at health centers , shopping centers , colleges , and other venues , with connections to neighboring cites ."		1	1	0-0 1-1 2-2 3-3 4-4 6-5 7-6 8-7 9-8 10-9 11-10 12-11 13-12 14-13 15-14 16-15 17-16 18-17 19-18 20-19 21-20 22-21 23-22 24-23 25-24 26-25 27-26 29-27 33-29 33-30 34-31 35-32 36-32 37-33 46-30 47-30 50-34									
141:141	"Penn , among other `` selective '' universities , has been the center of controversy over their admissions , apparently ignoring the standard criteria for admission ( SAT scores , transcript data , etc . )"		"Penn and other `` selective '' universities have been accused of ignoring the standard criteria for admissions ( SAT scores , transcript data , etc . )"		1	1	0-0 3-2 4-3 5-4 6-5 7-6 9-7 10-8 17-16 20-11 21-12 22-13 23-14 24-15 25-16 26-17 27-18 28-19 29-20 30-21 31-22 32-23 33-24 34-25 35-26	9-8 9-9 9-10 10-7 10-9 10-10 11-7 11-8 11-9 11-10 12-7 12-8 12-9 12-10 13-7 13-8 13-9 13-10 14-7 14-8 14-9 14-10 15-7 15-8 15-9 15-10								
142:142	"In discussions of Media Matters ' attack on Rush Limbaugh , Mark Levin criticized Media Matters and alleged that it violates IRS nonprofit and nonpartisan tax code ."		"While discussing Media Matters items about on Rush Limbaugh , Mark Levin alleged that the group violates IRS nonprofit and nonpartisan tax code ."		1	1	0-0 1-1 2-1 3-2 4-3 6-4 6-5 7-6 8-7 9-8 10-9 11-10 12-11 17-12 18-13 19-14 19-15 20-16 21-17 22-18 23-19 24-20 25-21 26-22 27-23	0-1 1-0 2-0								
143:143	"The massacre sparked anguished rioting immediately thereafter , which lead directly in the following week to the deaths of thirty further people ( 25 Palestinians , 4 Jewish settlers ( one shot by Israeli forces ) , and one Israeli in Tel-Aviv ) ."		"Rioting immediately followed the shooting , leading in the following week to the deaths of another 25 Palestinians , 4 Jewish settlers ( one shot by Israeli forces ) , and one Israeli in Tel-Aviv ."		1	1	0-3 1-4 4-0 5-1 6-2 7-5 8-6 9-6 11-7 12-8 13-9 14-10 15-11 16-12 17-13 18-14 22-22 23-16 24-17 25-18 26-19 27-20 28-21 29-22 30-23 31-24 32-25 33-26 34-27 35-28 36-29 37-30 38-31 39-32 40-33 41-34 42-28 43-35	0-0 0-1 0-2 0-4 1-0 1-1 1-2 1-3 2-0 2-1 2-2 2-3 2-4 3-0 3-1 3-2 3-3 3-4 4-1 4-2 4-3 4-4 5-0 5-2 5-3 5-4 6-0 6-1 6-3 6-4 10-6								
144:144	"Along with the Luhansk People 's Republic and the Autonomous Republic of Crimea , the Donetsk People 's Republic is one of three former territories of Ukraine as a result of and in the wake of the coup in Ukraine ( 2014present ) ."		"Along with the Luhansk People 's Republic and the Autonomous Republic of Crimea , the Donetsk People 's Republic is considered one of three temporarily occupied territories of Ukraine as a result of Russian military intervention of 2014 ."		1	1	0-0 1-1 2-2 3-3 4-4 5-5 6-6 7-7 8-8 9-9 10-10 11-11 12-12 13-13 14-14 15-15 16-16 17-17 18-18 19-19 20-21 21-22 22-23 23-24 23-25 24-26 25-27 26-28 27-29 28-30 29-31 30-32 32-29 33-30 34-31 35-32 36-34 36-35 37-34 37-35 38-27 38-36 39-28 41-37 43-38	19-20								
145:145	"Others were the murder of Willie Turks in 1982 , the 1983 arrest and murder of Michael Stewart ( graffiti writer ) while in police custody , the subway execution attempt of three youths by Bernard Goetz in 1984 , the murder of Michael Griffith in 1986 , the shooting of six NYPD officers by Larry Davis ( criminal ) also in 1986 , and the murder of Yusuf Hawkins in 1989 ."		"Others were the killing of Willie Turks in 1982 , the 1983 arrest and death of Michael Stewart ( graffiti writer ) while in police custody , the subway shooting of three youths by Bernard Goetz in 1984 , the death of Michael Griffith in 1986 , the shooting of six NYPD officers by Larry Davis ( criminal ) also in 1986 , and the killing of Yusuf Hawkins in 1989 ."		1	1	0-0 1-1 2-2 3-3 4-4 5-5 6-6 7-7 8-8 9-9 10-10 11-11 12-12 13-13 14-14 15-15 16-16 17-17 18-18 19-19 20-20 21-21 22-22 23-23 24-24 25-25 26-26 27-27 28-28 29-29 30-29 31-30 32-31 33-32 34-33 35-34 36-35 37-36 38-37 39-38 40-39 41-40 42-41 43-42 44-43 45-44 46-45 47-46 48-47 49-48 50-49 51-50 52-51 53-52 54-53 55-54 56-55 57-56 58-57 59-58 60-59 61-60 62-61 63-62 64-63 65-64 66-65 67-66 68-67 69-68 70-69 71-70 72-71									
146:146	"Prime minister of ukraine yulia tymoshenko meeting with the bush on april 1 , 2008 . Miss tymoshenko and Mr. yushchenko both led the u.s.- backed orange revolution in ukraine ."		"prime minister of ukraine yulia tymoshenko meeting with bush on april 1 , 2008. tymoshenko and yushchenko both led the u.s.- applauded orange revolution ."		1	1	0-0 1-1 2-2 3-3 4-4 5-5 6-6 7-7 8-8 9-8 10-9 11-10 12-11 13-12 14-13 15-13 16-14 17-14 18-15 19-16 20-16 21-17 22-18 23-19 24-20 25-21 26-22 27-23 28-3 29-3 30-24									
147:147	"In one of many upset victories for Democrats , Loebsack benefited from the dynamics of an anti-Iraq , anti-Bush protest vote and narrowly defeated Rep. Jim Leach ( R-IA ) , a 15-term moderate Republican who , ironically , was one of only a handful of Republican congressmen who had voted against authorization for the use of force in Iraq ."		"In an upset victory for the Democratic Party , Loebsack defeated Rep. Jim Leach ( R-IA ) , a 15-term moderate Republican who , ironically , was one of only a handful of Republican congressmen who had voted against authorization for the use of force in Iraq ."		1	1	0-0 1-1 4-2 5-3 6-4 7-5 7-6 7-7 8-8 9-9 23-10 24-11 25-12 26-13 27-14 28-15 29-16 30-17 31-18 32-19 33-20 34-21 35-22 36-23 37-24 38-25 39-26 40-27 41-28 42-29 43-30 44-31 45-32 46-33 47-34 48-35 49-36 50-37 51-38 52-39 53-40 54-41 55-42 56-43 57-44 58-45 59-46 60-47	1-2 1-3 2-1 2-2 2-3 3-1 3-2 3-3 4-1 4-3 5-1 5-2								
148:148	"However , many people are also car-free by less pretentious motives , including : necessity ( legal or financial ) , environmental concern , frugality , etc ."		"However , some people are car-free for specific personal reasons , including : legal , financial , or medical necessity , environmental concern , frugality , etc ."		1	1	0-0 1-1 2-2 3-3 4-4 6-5 7-6 8-7 8-8 9-7 9-8 10-9 11-10 12-11 13-12 16-13 18-15 20-20 21-21 22-22 23-23 24-24 25-25 26-26 27-27	8-9 9-9 10-7 10-8 14-13 14-14 14-15 15-13 15-14 15-15 16-14 16-15 17-13 17-14 17-15 18-13 18-14 19-13 19-14 19-15								
149:149	"Heaven , the heavens , seven heavens , pure lands , Tian , Jannah , Valhalla , or The Summerland , is a common religious , cosmological , or transcendent place where God , gods , angels , jinn , saints , or venerated ancestors lives or live ."		"Heaven , the heavens , seven heavens , pure lands , Tian , Jannah , Valhalla , or The Summerland , is a common religious , cosmological , or transcendent place where beings such as gods , angel s , jinn , saint s , or venerated ancestors are said to originate , be enthroned , or live ."		1	1	0-0 1-1 2-2 3-3 4-4 5-5 6-6 7-7 8-8 9-9 10-10 11-11 12-12 13-13 14-14 15-15 16-16 17-17 18-18 19-19 20-20 21-21 22-22 23-23 24-24 25-25 26-26 27-27 28-28 29-29 30-30 31-31 32-32 32-33 32-34 33-36 34-35 35-35 36-37 36-38 37-39 38-40 39-41 40-42 40-43 41-44 42-45 43-46 44-47 45-51 46-56 47-57 48-58	45-48 45-49 45-50 45-52 45-53 45-54								
150:150	"From the Brahmo Samaj springs Brahmoism , the most recent of legally recognised religions in India and Bangladesh , reflecting its non-syncretic foundation on reformed spiritual Hinduism invigorated by scientific blending of compatible Judeo -Islamic faith and practice ."		"From the Brahmo Samaj springs Brahmoism , the most recent of legally recognised religions in India and Bangladesh , reflecting its non-syncretic `` foundation of Rammohun Roy 's reformed spiritual Hinduism ( contained in the 1830 Banian deed ) and scientifically invigorated by inclusion of root Hebraic - Islamic creed and practice. ``"		1	1	0-0 1-1 2-2 3-3 4-4 5-5 6-6 7-7 8-8 9-9 10-10 11-11 12-12 13-13 14-14 15-15 16-16 17-17 18-18 19-19 20-20 21-21 22-23 23-24 24-28 25-29 26-30 27-41 28-42 29-40 30-43 31-44 34-47 34-48 35-49 36-50 37-51 38-52	27-40 27-42 28-40 28-41 29-41 29-42 33-45 33-46 33-47 33-48 34-45 34-46								
151:151	"If you want to see an amusing example of bots out of control , all of AOL 's public rooms are filled entirely with a bewildering array of bots clamoring for attention ."		"If you want to see an example of bots out of control , many of AOL 's public rooms are filled with chatter bots ."		1	1	0-0 1-1 2-2 3-3 4-4 5-5 7-6 8-7 9-8 10-9 11-10 12-11 13-12 14-13 15-14 16-15 17-16 18-17 19-18 20-19 21-20 23-21 28-23 29-22 30-22 31-22 32-24	28-22 29-23 30-23 31-23								
152:152	"The popular movement in the Rif , commonly known as Hirak Rif or Anhezi n Arrif , ( , Anhezi agherfan n Arrif , , al-Hirak ash-Shaabi fi Rif ) is a protest movement that swept the berber Rif region in Northern Morocco since October 2016 , as a result of the murder of Mohcine Fikri , the fishmonger who was crushed in a garbage truck on orders from local authorities who confiscated his merchandise ."		"The popular movement in the Rif , commonly known as Hirak Rif or Anhezi n Arrif , ( , Anhezi agherfan n Arrif , , al-Hirak ash-Shaabi fi Rif ) is a protest movement that swept the berber Rif region in Northern Morocco since October 2016 , as a result of the death of Mohcine Fikri , the fishmonger who was crushed in a garbage truck after jumping in the back after local authorities confiscated his illegal merchandise which he was selling on the local market ."		1	1	0-0 1-1 2-2 3-3 4-4 5-5 6-6 7-7 8-8 9-9 10-10 11-11 12-12 13-13 14-14 15-15 16-16 17-17 18-18 19-19 20-20 21-21 22-22 23-23 24-24 25-25 26-26 27-27 28-28 29-29 30-30 31-31 32-32 33-33 34-34 35-35 36-36 37-37 38-38 39-39 40-40 41-41 42-42 43-43 44-44 45-45 46-46 47-47 48-48 49-49 50-50 51-51 52-52 53-53 54-54 55-55 56-56 57-57 58-58 59-59 60-60 61-61 62-62 63-63 64-64 65-65 69-72 70-73 72-74 73-75 74-77 75-86	66-66 66-67 66-68 66-69 66-70 66-71 67-66 67-67 67-68 67-69 67-70 67-71 68-66 68-67 68-68 68-69 68-70 68-71 71-73								
153:153	"Since every person , apart from Nathan Brazil , a major protagonist of several of the stories , is transformed into one of the Well World 's own 1,560 species by the act of passing through the gateway on a Markovian world to the Well World , he has to cope with travelling companions who used to be human but who no longer are , and all of the ensuring problems that that causes ."		"Since every person apart from Nathan Brazil , a major protagonist of several of the stories , is transformed into one of the Well World 's own 1,560 species by the act of passing through the gateway on a Markovian world to the Well World , they have to cope with travelling companions who used to be human but no longer are , and all of the ensuing problems ."		1	1	0-0 1-1 2-2 4-3 5-4 6-5 7-6 8-7 9-8 10-9 11-10 12-11 13-12 14-13 15-14 16-15 17-16 18-17 19-18 20-19 21-20 22-21 23-22 24-23 25-24 26-25 27-26 28-27 29-28 30-29 31-30 32-31 33-32 34-33 35-34 36-35 37-36 38-37 39-38 40-39 41-40 42-41 43-42 44-43 45-44 46-45 47-46 48-47 49-48 50-49 51-50 52-51 53-52 54-53 55-54 56-55 57-56 58-57 59-58 61-59 62-60 63-61 64-62 65-63 66-64 67-65 68-66 69-67 70-68 74-69	47-47 47-48 48-46 48-48 49-46 49-47 60-58								
154:154	"Cadillac 's engineers were first to design a manual transmission with syncros for increased drivability ( 1929 ) and were instrumental in the early development of the automatic transmission , beginning in 1932 . Cadillac offered a production v-16 engine from 1930 through 1940 and introduced the production independent wishbone front suspension in 1934. the marque introduced tailfins for 1948. cadillac even had a feature at least as early as 1970 where when you looked in the rear - view mirror you could check the operation of your taillights & turn signals via a light -conductive tube mounted near the package tray , similar in construction to optical fiber ."		"Cadillac 's engineers were first to design a manual transmission with synchronizers for increased drivability ( 1929 ) and were instrumental in the early development of the automatic transmission , beginning in 1932 . Cadillac offered a production v-16 engine from 1930 through 1940 and introduced the production independent wishbone front suspension in 1934. the marque introduced tailfins for 1948. from the late 1960s onward , cadillac offered a fiber - optic indication system which alerted the driver of a failed light bulb ."		1	1	0-0 1-1 2-2 3-3 4-4 5-5 6-6 7-7 8-8 9-9 10-10 11-11 12-12 13-13 14-14 15-15 16-16 17-17 18-18 19-19 20-20 21-21 22-22 23-23 24-24 25-25 26-26 27-27 28-28 29-29 30-30 31-31 32-32 33-33 34-34 35-35 36-36 37-37 38-38 39-39 40-40 41-41 42-42 43-43 44-44 45-45 46-46 47-47 48-48 49-49 50-50 51-51 52-52 53-53 54-54 55-55 56-56 57-57 58-58 59-59 60-66 62-67 63-68 93-79 94-81 96-82 107-69 107-70 107-71 108-69 108-70 108-71	65-60 65-61 65-62 65-63 65-64 66-60 66-61 66-62 66-63 66-64 67-60 67-61 67-62 67-63 67-64 68-60 68-61 68-62 68-63 68-64 69-60 69-61 69-62 69-63 69-64 70-60 70-61 70-62 70-63 70-64 94-82 95-81 95-82 96-81								
155:155	"The defendant claimed he downloaded this material as research for a character included in the second season of Help , but Whitehouse 's testimony casted doubt on this explination ."		"Langham had claimed he downloaded this material as research for a character included in the second series of Help , but Whitehouse 's testimony did not corroborate this explanation ."		1	1	2-1 2-2 3-3 4-4 5-5 6-6 7-7 8-8 9-9 10-10 11-11 12-12 13-13 14-14 15-15 16-16 17-17 18-18 19-19 20-20 21-21 22-22 23-23 27-27 28-28 29-29	0-0 1-0 24-24 24-25 24-26 25-24 25-25 25-26 26-24 26-25 26-26								
156:156	"Sham peer review or malicious peer review is a name given to the alleged abuse of a medical peer review process to remove a doctor who is seen to be disruptive , too great an advocate for change , or competitive with other doctors within the same institution ."		Sham peer review or malicious peer review is a name given to the alleged abuse of a medical peer review process to punish a doctor for personal or other non-medical reasons .		1	1	0-0 1-1 2-2 3-3 4-4 5-5 6-6 7-7 8-8 9-9 10-10 11-11 12-12 13-13 14-14 15-15 16-16 17-17 18-18 19-19 20-20 21-21 22-22 23-23 24-24 48-31		7	Guillemots are renowned for their quirky use of musical instruments and the sound of a typewriter was used in the song Who Left The Lights Off Baby .		"Guillemots often use quirky musical instruments , such as the sound of a typewriter in the song Who Left The Lights Off Baby ."		1	1	0-0 5-3 6-2 8-4 9-5 11-9 12-10 13-11 14-12 15-13 18-14 19-15 20-16 21-17 22-18 23-19 24-20 25-21 26-22 27-23
157:157	Guillemots are renowned for their quirky use of musical instruments and the sound of a typewriter was used in the song Who Left The Lights Off Baby .		"Guillemots often use quirky musical instruments , such as the sound of a typewriter in the song Who Left The Lights Off Baby ."	"Guillemots often use quirky musical instruments , such as the sound of a typewriter in the song Who Left The Lights Off Baby ."	1	1	0-0 5-3 6-2 8-4 9-5 11-9 12-10 13-11 14-12 15-13 18-14 19-15 20-16 21-17 22-18 23-19 24-20 25-21 26-22 27-23	1-1 1-2 1-3 2-1 2-2 2-3 3-1 3-2 3-3 4-1 4-2 4-3 5-1 5-2 6-1 6-3 7-1 7-2 7-3	7	Guillemots are renowned for their quirky use of musical instruments and the sound of a typewriter was used in the song Who Left The Lights Off Baby .		"Guillemots often use quirky musical instruments , such as the sound of a typewriter in the song Who Left The Lights Off Baby ."		1	1	0-0 5-3 6-2 8-4 9-5 11-9 12-10 13-11 14-12 15-13 18-14 19-15 20-16 21-17 22-18 23-19 24-20 25-21 26-22 27-23
158:158	"In politics and culture , the red pill is often associated with meritocratic , anti-progressive communities , including conspiracy theorists , men 's rights activists , pickup artist s , GamerGate , and neoreaction ."		"In politics and culture , the red pill analogy is sometimes used by meritocratic , reactionary , or counterculture communities , including men 's rights activists , conspiracy theorists , pickup artists , GamerGate , and the neoreactionary movement ."		1	1	0-0 1-1 2-2 3-3 4-4 5-5 6-6 7-7 8-9 9-10 12-13 13-14 13-17 14-18 15-19 16-20 17-21 18-27 19-28 20-26 21-22 22-23 23-24 24-25 25-29 26-30 27-31 28-31 29-32 30-33 31-34 32-35 33-36 33-37 33-38 34-39	8-10 8-11 8-12 9-9 9-11 9-12 10-9 10-10 10-11 10-12 11-9 11-10 11-11 11-12								
159:159	"Jackson was widely revered in the United States as an advocate for democracy and the common man, but his reputation has declined since the civil rights movement, largely due to his role in Indian removal and support for slavery . "		"Always controversial, Jackson has been widely revered in the United States as an advocate for democracy and the common man, and disliked for reasons ranging from his temperament to his bank veto, to more recently, his Indian policy ."		1	1	0-2 1-3 1-4 2-5 3-6 4-7 5-8 6-9 7-10 8-11 9-12 10-13 11-14 12-15 13-16 14-17 15-18 16-19 30-29 31-27 33-36	34-37 35-37 36-37 37-37 38-37								