3688:61	when was this	dia64.html#when_was_this	how long ago was this	how_long_ago_was_this.html	1	0	0-0 0-1 0-2 1-3 2-4		
3688:3686	when was this	dia64.html#when_was_this	what day did that happen	dia43.html#what_day_did_that_happen	1	1	0-0 0-1	1-2 1-4 2-3	
3688:3692	when was this	dia64.html#when_was_this	how long has it been going	dia98.html#how_long_has_it_been_going	1	1	0-0 0-1	1-2 1-4 1-5 2-3	
3688:1005	when was this	dia64.html#when_was_this	beer	dia65.html#beer	0	0			
3688:27	when was this	dia64.html#when_was_this	when did you come in last	when_did_you_come_in_last.html	0	0	0-0		
3688:3712	when was this	dia64.html#when_was_this	when did you first notice this pain	dia37.html#when_did_you_first_notice_this_pain	0	0	0-0		