3818:3815	are you close with your parents	dia29.html#are_you_close_with_your_parents	do you have family nearby	dia55.html#do_you_have_family_nearby	1	1	1-1	2-4 4-3 5-3	
3818:3811	are you close with your parents	dia29.html#are_you_close_with_your_parents	ok. do you have a support system in place if anything were to go wrong	dia95.html#ok._do_you_have_a_support_system_in_place_if_anything_were_to_go_wrong	1	1		5-5 5-6	
3818:3812	are you close with your parents	dia29.html#are_you_close_with_your_parents	are there any people that you go for support	dia98.html#are_there_any_people_that_you_go_for_support	1	0	1-5		
3818:1105	are you close with your parents	dia29.html#are_you_close_with_your_parents	and your parents	dia80.html#and_your_parents	0	0	4-1 5-2		
3818:1103	are you close with your parents	dia29.html#are_you_close_with_your_parents	are your parents with us	dia49.html#are_your_parents_with_us	0	0	3-3 4-1 5-2		
3818:1108	are you close with your parents	dia29.html#are_you_close_with_your_parents	how are your parents	dia77.html#how_are_your_parents	0	0	4-2 5-3		