1439:1441	i 'm sorry to hear you couldn 't enjoy the game ! what about exercise and your diet	dia5.html#i_'m_sorry_to_hear_you_couldn_'t_enjoy_the_game_!_what_about_exercise_and_your_diet	i understand that ! do you exercise during the week	dia36.html#i_understand_that_!_do_you_exercise_during_the_week	1	1	0-0 5-5 9-8 11-3 14-6	16-5	
1439:1445	i 'm sorry to hear you couldn 't enjoy the game ! what about exercise and your diet	dia5.html#i_'m_sorry_to_hear_you_couldn_'t_enjoy_the_game_!_what_about_exercise_and_your_diet	do you work out	dia79.html#do_you_work_out	1	1	5-1	14-2 14-3 16-1	
1439:1437	i 'm sorry to hear you couldn 't enjoy the game ! what about exercise and your diet	dia5.html#i_'m_sorry_to_hear_you_couldn_'t_enjoy_the_game_!_what_about_exercise_and_your_diet	do youget any exercise	dia1.html#do_youget_any_exercise	1	1	14-3	16-1	parsing error
1439:12	i 'm sorry to hear you couldn 't enjoy the game ! what about exercise and your diet	dia5.html#i_'m_sorry_to_hear_you_couldn_'t_enjoy_the_game_!_what_about_exercise_and_your_diet	i 'm sorry to hear that	i_'m_sorry_to_hear_that.html	0	0	0-0 1-1 2-2 3-3 4-4		
1439:608	i 'm sorry to hear you couldn 't enjoy the game ! what about exercise and your diet	dia5.html#i_'m_sorry_to_hear_you_couldn_'t_enjoy_the_game_!_what_about_exercise_and_your_diet	i 'm sorry to hear about that	dia24.html#i_'m_sorry_to_hear_about_that	0	0	0-0 1-1 2-2 3-3 4-4 13-5		
1439:3568	i 'm sorry to hear you couldn 't enjoy the game ! what about exercise and your diet	dia5.html#i_'m_sorry_to_hear_you_couldn_'t_enjoy_the_game_!_what_about_exercise_and_your_diet	i 'm so sorry to hear that	dia7.html#i_'m_so_sorry_to_hear_that	0	0	0-0 1-1 2-3 3-4 4-5		