626:617	good	dia13.html#good	good !	dia80.html#good_!	1	1	0-0		
626:628	good	dia13.html#good	i 'm sorry to hear that. i 'm glad you came in to get it checked out	dia12.html#i_'m_sorry_to_hear_that._i_'m_glad_you_came_in_to_get_it_checked_out	1	1		0-0 0-1 0-2 0-3 0-4 0-5 0-6 0-7 0-8 0-9 0-10 0-11 0-12 0-13 0-14 0-15 0-16	
626:632	good	dia13.html#good	moving heavy objects is definitely difficult !	dia25.html#moving_heavy_objects_is_definitely_difficult_!	1	0			
626:972	good	dia13.html#good	ok	dia95.html#ok	0	0	0-0		
626:974	good	dia13.html#good	okay	dia77.html#okay	0	0	0-0		
626:968	good	dia13.html#good	ok good	dia39.html#ok_good	0	0	0-1	0-0	