3576:3580	i understand you are here for back pain	dia92.html#i_understand_you_are_here_for_back_pain	ok to summarize you have lower back pain for about a week and it 's affecting your job	dia62.html#ok_to_summarize_you_have_lower_back_pain_for_about_a_week_and_it_'s_affecting_your_job	1	1	2-3 5-8 6-6 7-7		
3576:1	i understand you are here for back pain	dia92.html#i_understand_you_are_here_for_back_pain	to quickly summarize	to_quickly_summarize.html	1	0			
3576:3581	i understand you are here for back pain	dia92.html#i_understand_you_are_here_for_back_pain	you told me it started about 4 to 5 days ago. is that correct	dia98.html#you_told_me_it_started_about_4_to_5_days_ago._is_that_correct	1	1	2-0	6-3 7-3	
3576:103	i understand you are here for back pain	dia92.html#i_understand_you_are_here_for_back_pain	i see	i_see.html	0	0	0-0	1-1	
3576:1628	i understand you are here for back pain	dia92.html#i_understand_you_are_here_for_back_pain	have you had back pain before	dia74.html#have_you_had_back_pain_before	0	0	2-1 6-3 7-4		
3576:1660	i understand you are here for back pain	dia92.html#i_understand_you_are_here_for_back_pain	have you ever had back pain	dia102.html#have_you_ever_had_back_pain	0	0	2-1 6-4 7-5		