370:426	any drugs	dia85.html#any_drugs	drugs	dia65.html#drugs	1	1	1-0		
370:363	any drugs	dia85.html#any_drugs	have you ever taken pills that were not prescribed to you	dia48.html#have_you_ever_taken_pills_that_were_not_prescribed_to_you	1	1		1-4 1-7 1-8 1-9 1-10	
370:415	any drugs	dia85.html#any_drugs	do you smoke marijuana	dia79.html#do_you_smoke_marijuana	1	1		1-3	
370:1567	any drugs	dia85.html#any_drugs	any medications	dia44.html#any_medications	0	0			
370:1568	any drugs	dia85.html#any_drugs	on any medications	dia49.html#on_any_medications	0	0			
370:1348	any drugs	dia85.html#any_drugs	any prescription drugs	dia85.html#any_prescription_drugs	0	0			