2411:2412	do you feel pain in other areas	dia15.html#do_you_feel_pain_in_other_areas	anything else related to the back pain	dia49.html#anything_else_related_to_the_back_pain	1	1		3-0 3-6 5-0	
2411:2410	do you feel pain in other areas	dia15.html#do_you_feel_pain_in_other_areas	let 's move on. is your back the only thing bothering you today , mr. wilkins	dia3.html#let_'s_move_on._is_your_back_the_only_thing_bothering_you_today_,_mr._wilkins	1	1		3-10	
2411:182	do you feel pain in other areas	dia15.html#do_you_feel_pain_in_other_areas	just pain in your back	just_pain_in_your_back.html	1	1	3-1 4-2		
2411:3110	do you feel pain in other areas	dia15.html#do_you_feel_pain_in_other_areas	do you feel pain anywhere else	dia84.html#do_you_feel_pain_anywhere_else	0	1	0-0 1-1 2-2 3-3	5-4 5-5 6-4 6-5	
2411:660	do you feel pain in other areas	dia15.html#do_you_feel_pain_in_other_areas	do you feel pain at night	dia60.html#do_you_feel_pain_at_night	0	0	0-0 1-1 2-2 3-3		
2411:3109	do you feel pain in other areas	dia15.html#do_you_feel_pain_in_other_areas	do you feel the pain anywhere else	dia103.html#do_you_feel_the_pain_anywhere_else	0	1	0-0 1-1 2-2 3-4	4-5 4-6 5-5 5-6 6-5 6-6	