1434:1431	do you have any other unusual symptoms	dia86.html#do_you_have_any_other_unusual_symptoms	any other concerns	dia35.html#any_other_concerns	1	1	3-0 4-1	6-2	
1434:1433	do you have any other unusual symptoms	dia86.html#do_you_have_any_other_unusual_symptoms	then i could see how this pain would be especially challenging. do you have any other concerns abut the pain	dia71.html#then_i_could_see_how_this_pain_would_be_especially_challenging._do_you_have_any_other_concerns_abut_the_pain	1	1	0-11 1-12 2-13 3-14 4-15	6-16	
1434:1430	do you have any other unusual symptoms	dia86.html#do_you_have_any_other_unusual_symptoms	i 'm so sorry to hear that. have you noticed any other associated symptoms	dia9.html#i_'m_so_sorry_to_hear_that._have_you_noticed_any_other_associated_symptoms	1	1	1-8 2-7 3-10 4-11 6-13		
1434:3622	do you have any other unusual symptoms	dia86.html#do_you_have_any_other_unusual_symptoms	do you have any other symptoms	dia99.html#do_you_have_any_other_symptoms	0	1	0-0 1-1 2-2 3-3 4-4 6-5		
1434:1500	do you have any other unusual symptoms	dia86.html#do_you_have_any_other_unusual_symptoms	do you have any other associated symptoms	dia32.html#do_you_have_any_other_associated_symptoms	0	0	0-0 1-1 2-2 3-3 4-4 6-6		
1434:3138	do you have any other unusual symptoms	dia86.html#do_you_have_any_other_unusual_symptoms	do you have any other illnesses	dia17.html#do_you_have_any_other_illnesses	0	0	0-0 1-1 2-2 3-3 4-4		