518:501	could you tell me how your back has been feeling since you helped your friend move	dia27.html#could_you_tell_me_how_your_back_has_been_feeling_since_you_helped_your_friend_move	can you tell me if the pain has stayed to same or gotten worse	dia13.html#can_you_tell_me_if_the_pain_has_stayed_to_same_or_gotten_worse	1	1	2-2 3-3 7-7 8-8 11-1		
518:506	could you tell me how your back has been feeling since you helped your friend move	dia27.html#could_you_tell_me_how_your_back_has_been_feeling_since_you_helped_your_friend_move	has it gotten worse over the last few days	dia52.html#has_it_gotten_worse_over_the_last_few_days	1	1		7-0 7-2 7-3 8-0 8-2 8-3 9-0 9-2 9-3 10-4 10-5 10-6 10-7 10-8 11-4 11-5 11-6 11-7 11-8 12-4 12-5 12-6 12-7 12-8 13-4 13-5 13-6 13-7 13-8 14-4 14-5 14-6 14-7 14-8 15-4 15-5 15-6 15-7 15-8	
518:503	could you tell me how your back has been feeling since you helped your friend move	dia27.html#could_you_tell_me_how_your_back_has_been_feeling_since_you_helped_your_friend_move	has the pain improved at all or does it seem to be getting worse	dia29.html#has_the_pain_improved_at_all_or_does_it_seem_to_be_getting_worse	1	1		7-0 7-3 8-0 8-3 9-0 9-3	
518:1283	could you tell me how your back has been feeling since you helped your friend move	dia27.html#could_you_tell_me_how_your_back_has_been_feeling_since_you_helped_your_friend_move	could you tell me how your grandfather died	dia54.html#could_you_tell_me_how_your_grandfather_died	0	0	0-0 1-1 2-2 3-3 4-4		
518:2502	could you tell me how your back has been feeling since you helped your friend move	dia27.html#could_you_tell_me_how_your_back_has_been_feeling_since_you_helped_your_friend_move	could you tell me more about your back pain	dia56.html#could_you_tell_me_more_about_your_back_pain	0	0	0-0 1-1 2-2 3-3 5-6 6-7		
518:2414	could you tell me how your back has been feeling since you helped your friend move	dia27.html#could_you_tell_me_how_your_back_has_been_feeling_since_you_helped_your_friend_move	when did you help your friend move	dia22.html#when_did_you_help_your_friend_move	0	0	11-2 13-4 14-5 15-6	12-3	