2423:2422	how is your appetite	dia28.html#how_is_your_appetite	change in appetite	dia25.html#change_in_appetite	1	1	3-2	0-0 0-1 1-0 1-1	
2423:2418	how is your appetite	dia28.html#how_is_your_appetite	have you had any trouble eating	dia28.html#have_you_had_any_trouble_eating	1	1		0-3 0-4 1-3 1-4 3-5	
2423:2421	how is your appetite	dia28.html#how_is_your_appetite	do you eat healthy	dia79.html#do_you_eat_healthy	1	0			
2423:2627	how is your appetite	dia28.html#how_is_your_appetite	how is your family	dia65.html#how_is_your_family	0	0	0-0 1-1 2-2		
2423:262	how is your appetite	dia28.html#how_is_your_appetite	how is your mood	how_is_your_mood.html	0	0	0-0 1-1 2-2		
2423:528	how is your appetite	dia28.html#how_is_your_appetite	how is your back	dia32.html#how_is_your_back	0	0	0-0 1-1 2-2		