3522:3521	i 'm sure that 's difficult for you	dia11.html#i_'m_sure_that_'s_difficult_for_you	i 'm sorry to hear that it 's bothering you so badly	dia81.html#i_'m_sorry_to_hear_that_it_'s_bothering_you_so_badly	1	1	0-0 1-1 4-7 7-9	3-6 5-8	
3522:75	i 'm sure that 's difficult for you	dia11.html#i_'m_sure_that_'s_difficult_for_you	that sounds awful	that_sounds_awful.html	1	1	3-0	4-1 5-2	
3522:3520	i 'm sure that 's difficult for you	dia11.html#i_'m_sure_that_'s_difficult_for_you	i 'm sorry you 've been in pain !	dia58.html#i_'m_sorry_you_'ve_been_in_pain_!	1	1	0-0 1-1 7-3		
3522:2010	i 'm sure that 's difficult for you	dia11.html#i_'m_sure_that_'s_difficult_for_you	i 'm sure that must be stressful	dia50.html#i_'m_sure_that_must_be_stressful	0	0	0-0 1-1 2-2 3-3	5-6	
3522:3566	i 'm sure that 's difficult for you	dia11.html#i_'m_sure_that_'s_difficult_for_you	i 'm sorry	dia83.html#i_'m_sorry	0	0	0-0 1-1		
3522:271	i 'm sure that 's difficult for you	dia11.html#i_'m_sure_that_'s_difficult_for_you	i 'm sorry about that	i_'m_sorry_about_that.html	0	0	0-0 1-1		