2593:107	what do you enjoy	dia50.html#what_do_you_enjoy	what do you like to do to relax	what_do_you_like_to_do_to_relax.html	1	1	0-0 1-1 2-2	3-3	
2593:2595	what do you enjoy	dia50.html#what_do_you_enjoy	how about after work	dia50.html#how_about_after_work	1	1		0-0 0-1	
2593:2592	what do you enjoy	dia50.html#what_do_you_enjoy	what are you most afraid of	dia44.html#what_are_you_most_afraid_of	1	1			
2593:22	what do you enjoy	dia50.html#what_do_you_enjoy	do you enjoy working	do_you_enjoy_working.html	0	0	2-1 3-2		
2593:2572	what do you enjoy	dia50.html#what_do_you_enjoy	what activities do you enjoy	dia101.html#what_activities_do_you_enjoy	0	1	0-0 1-2 2-3 3-4		
2593:3821	what do you enjoy	dia50.html#what_do_you_enjoy	do you enjoy the work	dia19.html#do_you_enjoy_the_work	0	0	2-1 3-2		