2356:2351	aching	dia75.html#aching	how would you characterize the pain ? stabbing ? dull , aching	dia26.html#how_would_you_characterize_the_pain_?_stabbing_?_dull_,_aching	1	1	0-11		
2356:2392	aching	dia75.html#aching	can you describe it a bit more for me	dia97.html#can_you_describe_it_a_bit_more_for_me	1	0			
2356:2371	aching	dia75.html#aching	can you describe the pain for me a little more	dia22.html#can_you_describe_the_pain_for_me_a_little_more	1	0			
2356:841	aching	dia75.html#aching	what movements hurt	dia50.html#what_movements_hurt	0	0		0-2	
2356:552	aching	dia75.html#aching	and it hurts all the time	dia101.html#and_it_hurts_all_the_time	0	0		0-2	
2356:2340	aching	dia75.html#aching	when does it hurt	dia67.html#when_does_it_hurt	0	0		0-3	