3091:3087	do you have any concerns	dia90.html#do_you_have_any_concerns	do you have any questions	dia20.html#do_you_have_any_questions	1	1	0-0 1-1 2-2 3-3	4-4	
3091:3093	do you have any concerns	dia90.html#do_you_have_any_concerns	any other issues besides the urinating and back pain	dia58.html#any_other_issues_besides_the_urinating_and_back_pain	1	1	3-0	4-2	
3091:3079	do you have any concerns	dia90.html#do_you_have_any_concerns	would you like to add anything else regarding your lower back pain	dia57.html#would_you_like_to_add_anything_else_regarding_your_lower_back_pain	1	1	1-1	3-5 4-5	
3091:3790	do you have any concerns	dia90.html#do_you_have_any_concerns	do you have any headaches	dia88.html#do_you_have_any_headaches	0	0	1-1 3-3		
3091:3628	do you have any concerns	dia90.html#do_you_have_any_concerns	do you have any other concerns	dia92.html#do_you_have_any_other_concerns	0	0	0-0 1-1 2-2 3-3 4-5		
3091:3791	do you have any concerns	dia90.html#do_you_have_any_concerns	do you have headaches	dia72.html#do_you_have_headaches	0	0	1-1		