3410:3451	okay. i will be back to examine your back	dia57.html#okay._i_will_be_back_to_examine_your_back	i am going to go through your family to look at their medical history does that sound okay	dia77.html#i_am_going_to_go_through_your_family_to_look_at_their_medical_history_does_that_sound_okay	1	0	1-0 5-8 6-9 6-10 7-6		
3410:3456	okay. i will be back to examine your back	dia57.html#okay._i_will_be_back_to_examine_your_back	family history	dia47.html#family_history	1	0			
3410:3454	okay. i will be back to examine your back	dia57.html#okay._i_will_be_back_to_examine_your_back	well , let 's talk about this pain and then figure out a plan to get you up and going	dia88.html#well_,_let_'s_talk_about_this_pain_and_then_figure_out_a_plan_to_get_you_up_and_going	1	0			
3410:2547	okay. i will be back to examine your back	dia57.html#okay._i_will_be_back_to_examine_your_back	who is your support	dia55.html#who_is_your_support	0	0	7-2		
3410:2437	okay. i will be back to examine your back	dia57.html#okay._i_will_be_back_to_examine_your_back	what about your back	dia32.html#what_about_your_back	0	0	7-2 8-3		
3410:528	okay. i will be back to examine your back	dia57.html#okay._i_will_be_back_to_examine_your_back	how is your back	dia32.html#how_is_your_back	0	0	7-2 8-3		