977:973	yes , of course	dia83.html#yes_,_of_course	okay ,	dia42.html#okay_,	1	1	0-0 1-1 2-0 3-0		
977:103	yes , of course	dia83.html#yes_,_of_course	i see	i_see.html	1	1	2-0 2-1 3-0 3-1		
977:976	yes , of course	dia83.html#yes_,_of_course	that 's good !	dia80.html#that_'s_good_!	1	0			idk
977:290	yes , of course	dia83.html#yes_,_of_course	do you run	do_you_run.html	0	0			
977:2485	yes , of course	dia83.html#yes_,_of_course	of course , tell me more	dia20.html#of_course_,_tell_me_more	0	0	1-2 2-0 3-1		
977:1442	yes , of course	dia83.html#yes_,_of_course	how do you exercise	dia48.html#how_do_you_exercise	0	0			