3523:3522	that must be very difficult	dia66.html#that_must_be_very_difficult	i 'm sure that 's difficult for you	dia11.html#i_'m_sure_that_'s_difficult_for_you	1	1	0-3 4-5	1-0 1-1 1-2 2-4	
3523:3520	that must be very difficult	dia66.html#that_must_be_very_difficult	i 'm sorry you 've been in pain !	dia58.html#i_'m_sorry_you_'ve_been_in_pain_!	1	1			same dialog act, ok, but...
3523:75	that must be very difficult	dia66.html#that_must_be_very_difficult	that sounds awful	that_sounds_awful.html	1	1	0-0	1-1 2-1 4-2	
3523:2004	that must be very difficult	dia66.html#that_must_be_very_difficult	that must be very frustrating	dia24.html#that_must_be_very_frustrating	0	1	0-0 1-1 2-2 3-3	4-4	
3523:631	that must be very difficult	dia66.html#that_must_be_very_difficult	that is very uncomfortable	dia18.html#that_is_very_uncomfortable	0	0	0-0 3-2	1-1 1-3 2-1 2-3 4-1 4-3	
3523:2005	that must be very difficult	dia66.html#that_must_be_very_difficult	that must be frustrating	dia66.html#that_must_be_frustrating	0	1	0-0 1-1 2-2	4-3	