484:472	what are you most concerned about	dia84.html#what_are_you_most_concerned_about	how is it affecting you	dia66.html#how_is_it_affecting_you	1	0	2-4		 
484:328	what are you most concerned about	dia84.html#what_are_you_most_concerned_about	so i imagine this back pain is making hard to do your work	dia93.html#so_i_imagine_this_back_pain_is_making_hard_to_do_your_work	1	0		2-11	 
484:495	what are you most concerned about	dia84.html#what_are_you_most_concerned_about	well hopefully together we will get to the bottom of this. i 'm sure trying not to move has been disruptive t your life . , hasn 't it	dia71.html#well_hopefully_together_we_will_get_to_the_bottom_of_this._i_'m_sure_trying_not_to_move_has_been_disruptive_t_your_life_._,_hasn_'t_it	1	0		2-22	 tokenization error
484:947	what are you most concerned about	dia84.html#what_are_you_most_concerned_about	what are you most worried about	dia5.html#what_are_you_most_worried_about	0	1	0-0 1-1 2-2 3-3 4-4 5-5		 
484:2592	what are you most concerned about	dia84.html#what_are_you_most_concerned_about	what are you most afraid of	dia44.html#what_are_you_most_afraid_of	0	1	0-0 1-1 2-2 3-3	4-4 4-5 5-4 5-5	 
484:3791	what are you most concerned about	dia84.html#what_are_you_most_concerned_about	do you have headaches	dia72.html#do_you_have_headaches	0	0	2-1		 