8:3267	does anything make the urge to urinate better	does_anything_make_the_urge_to_urinate_better.html	you said you need to urinate a little more frequently. is there anything else that you 've noticed that might go along with the back pain	dia73.html#you_said_you_need_to_urinate_a_little_more_frequently._is_there_anything_else_that_you_'ve_noticed_that_might_go_along_with_the_back_pain	1	0	5-4 6-5	4-3	sentence segmentation error
8:3265	does anything make the urge to urinate better	does_anything_make_the_urge_to_urinate_better.html	was your back affected in those car accidents	dia56.html#was_your_back_affected_in_those_car_accidents	1	0			 
8:3270	does anything make the urge to urinate better	does_anything_make_the_urge_to_urinate_better.html	anyone else have this problem	dia33.html#anyone_else_have_this_problem	1	0			 
8:15	does anything make the urge to urinate better	does_anything_make_the_urge_to_urinate_better.html	does anything make it better	does_anything_make_it_better.html	0	0	0-0 1-1 2-2 7-4		 
8:888	does anything make the urge to urinate better	does_anything_make_the_urge_to_urinate_better.html	does anything make the pain better	dia100.html#does_anything_make_the_pain_better	0	0	0-0 1-1 2-2 7-5		 
8:2125	does anything make the urge to urinate better	does_anything_make_the_urge_to_urinate_better.html	when did the urge to urinate start	dia85.html#when_did_the_urge_to_urinate_start	0	0	3-2 4-3 5-4 6-5		 