3277:3280	any urinary changes	dia8.html#any_urinary_changes	any trouble peeing	dia33.html#any_trouble_peeing	1	1	0-0	1-2 2-1	
3277:3276	any urinary changes	dia8.html#any_urinary_changes	are you peeing normally	dia6.html#are_you_peeing_normally	1	1		1-2 2-3	
3277:3275	any urinary changes	dia8.html#any_urinary_changes	besides having to urinate more frequently , have you had any other problems related to using the bathroom	dia5.html#besides_having_to_urinate_more_frequently_,_have_you_had_any_other_problems_related_to_using_the_bathroom	1	1	0-10	1-13 1-14 1-15 1-16 1-17 2-12	
3277:2872	any urinary changes	dia8.html#any_urinary_changes	any visual changes	dia8.html#any_visual_changes	0	0	0-0 2-2		
3277:1498	any urinary changes	dia8.html#any_urinary_changes	any skin changes	dia25.html#any_skin_changes	0	0	0-0 2-2		
3277:1480	any urinary changes	dia8.html#any_urinary_changes	any vision changes	dia95.html#any_vision_changes	0	0	0-0 2-2		