2521:2465	what caused the pain	dia74.html#what_caused_the_pain	can you tell me about the pain	dia81.html#can_you_tell_me_about_the_pain	1	1	2-5 3-6		
2521:2483	what caused the pain	dia74.html#what_caused_the_pain	tell me more	dia68.html#tell_me_more	1	1			
2521:2504	what caused the pain	dia74.html#what_caused_the_pain	can you tell me more	dia56.html#can_you_tell_me_more	1	1			
2521:797	what caused the pain	dia74.html#what_caused_the_pain	what makes the pain worse	dia74.html#what_makes_the_pain_worse	0	0	0-0 2-2 3-3		
2521:891	what caused the pain	dia74.html#what_caused_the_pain	what makes the pain better	dia66.html#what_makes_the_pain_better	0	0	0-0 2-2 3-3		
2521:841	what caused the pain	dia74.html#what_caused_the_pain	what movements hurt	dia50.html#what_movements_hurt	0	0	0-0	3-2	