2594:2589	what kind of activities do you do	dia50.html#what_kind_of_activities_do_you_do	what activities do you do outside of work	dia6.html#what_activities_do_you_do_outside_of_work	1	1	0-0 3-1 4-2 5-3 6-4		
2594:2595	what kind of activities do you do	dia50.html#what_kind_of_activities_do_you_do	how about after work	dia50.html#how_about_after_work	1	1			
2594:2592	what kind of activities do you do	dia50.html#what_kind_of_activities_do_you_do	what are you most afraid of	dia44.html#what_are_you_most_afraid_of	1	0	0-0		
2594:1166	what kind of activities do you do	dia50.html#what_kind_of_activities_do_you_do	what kind of work do you do	dia92.html#what_kind_of_work_do_you_do	0	0	0-0 1-1 2-2 4-4 5-5 6-6		
2594:2574	what kind of activities do you do	dia50.html#what_kind_of_activities_do_you_do	what activities do you do	dia88.html#what_activities_do_you_do	0	1	0-0 3-1 4-2 5-3 6-4		
2594:1188	what kind of activities do you do	dia50.html#what_kind_of_activities_do_you_do	what work do you do	dia74.html#what_work_do_you_do	0	0	0-0 4-2 5-3 6-4		