942:944	i can see how your injury would affect your work then !	dia36.html#i_can_see_how_your_injury_would_affect_your_work_then_!	how are things at work	dia64.html#how_are_things_at_work	1	1	3-0 9-4		
942:943	i can see how your injury would affect your work then !	dia36.html#i_can_see_how_your_injury_would_affect_your_work_then_!	are you working	dia45.html#are_you_working	1	1		9-2	
942:945	i can see how your injury would affect your work then !	dia36.html#i_can_see_how_your_injury_would_affect_your_work_then_!	ok good. you mentioned you work at a car parts store ? have you been to work in the past few days	dia82.html#ok_good._you_mentioned_you_work_at_a_car_parts_store_?_have_you_been_to_work_in_the_past_few_days	1	1		8-4 8-13 9-5 9-16	
942:3878	i can see how your injury would affect your work then !	dia36.html#i_can_see_how_your_injury_would_affect_your_work_then_!	how has your injury affected your job	dia97.html#how_has_your_injury_affected_your_job	0	1	3-0 4-2 5-3 8-5 9-6	6-1 6-4 7-1 7-4	
942:3832	i can see how your injury would affect your work then !	dia36.html#i_can_see_how_your_injury_would_affect_your_work_then_!	how is your work	dia11.html#how_is_your_work	0	0	1-1 3-0 8-2 9-3		
942:477	i can see how your injury would affect your work then !	dia36.html#i_can_see_how_your_injury_would_affect_your_work_then_!	how has this affected your work	dia93.html#how_has_this_affected_your_work	0	1	3-0 8-4 9-5	4-2 5-2 6-1 6-3 7-1 7-3	