182:2412	just pain in your back	just_pain_in_your_back.html	anything else related to the back pain	dia49.html#anything_else_related_to_the_back_pain	1	1	1-6 4-5		
182:2410	just pain in your back	just_pain_in_your_back.html	let 's move on. is your back the only thing bothering you today , mr. wilkins	dia3.html#let_'s_move_on._is_your_back_the_only_thing_bothering_you_today_,_mr._wilkins	1	1	3-5 4-6	0-8 1-10	
182:2411	just pain in your back	just_pain_in_your_back.html	do you feel pain in other areas	dia15.html#do_you_feel_pain_in_other_areas	1	1	1-3		
182:2334	just pain in your back	just_pain_in_your_back.html	where is the pain in your back	dia26.html#where_is_the_pain_in_your_back	0	0	1-3 2-4 3-5 4-6		
182:3022	just pain in your back	just_pain_in_your_back.html	any pain in your legs	dia21.html#any_pain_in_your_legs	0	0	1-1 3-3		
182:2292	just pain in your back	just_pain_in_your_back.html	where is your pain in your back	dia99.html#where_is_your_pain_in_your_back	0	0	1-3 2-4 3-5 4-6	3-2	