2412:182	anything else related to the back pain	dia49.html#anything_else_related_to_the_back_pain	just pain in your back	just_pain_in_your_back.html	1	1	5-4 6-1	0-0 1-0	
2412:2410	anything else related to the back pain	dia49.html#anything_else_related_to_the_back_pain	let 's move on. is your back the only thing bothering you today , mr. wilkins	dia3.html#let_'s_move_on._is_your_back_the_only_thing_bothering_you_today_,_mr._wilkins	1	1	5-6	0-8 0-9 1-8 1-9 6-10	
2412:2411	anything else related to the back pain	dia49.html#anything_else_related_to_the_back_pain	do you feel pain in other areas	dia15.html#do_you_feel_pain_in_other_areas	1	1	6-3	0-5 1-5	
2412:306	anything else related to the back pain	dia49.html#anything_else_related_to_the_back_pain	anything else	anything_else.html	0	0	0-0 1-1		
2412:3667	anything else related to the back pain	dia49.html#anything_else_related_to_the_back_pain	anything beside the back pain	dia66.html#anything_beside_the_back_pain	0	0	0-0 4-2 5-3 6-4	1-1	
2412:3676	anything else related to the back pain	dia49.html#anything_else_related_to_the_back_pain	is there anything else concerning you	dia55.html#is_there_anything_else_concerning_you	0	0	0-2 1-3		