1474:1479	are you experiencing any problems with your vision	dia52.html#are_you_experiencing_any_problems_with_your_vision	do you have any vision problems	dia88.html#do_you_have_any_vision_problems	1	1	1-1 3-3 4-5 7-4	0-0 0-2 2-0 2-2	
1474:1470	are you experiencing any problems with your vision	dia52.html#are_you_experiencing_any_problems_with_your_vision	changes in vision	dia93.html#changes_in_vision	1	1	7-2	4-0 5-1	
1474:1472	are you experiencing any problems with your vision	dia52.html#are_you_experiencing_any_problems_with_your_vision	changes in your vision or hearing	dia24.html#changes_in_your_vision_or_hearing	1	1	5-1 6-2 7-3	4-0	
1474:2935	are you experiencing any problems with your vision	dia52.html#are_you_experiencing_any_problems_with_your_vision	have you had any trouble with your vision	dia37.html#have_you_had_any_trouble_with_your_vision	0	1	1-1 3-3 4-4 5-5 6-6 7-7	0-0 0-2 2-0 2-2	
1474:2950	are you experiencing any problems with your vision	dia52.html#are_you_experiencing_any_problems_with_your_vision	are you experiencing any trouble with your heart	dia52.html#are_you_experiencing_any_trouble_with_your_heart	0	0	0-0 1-1 2-2 3-3 4-4 6-6		
1474:3787	are you experiencing any problems with your vision	dia52.html#are_you_experiencing_any_problems_with_your_vision	have you had any headaches	dia64.html#have_you_had_any_headaches	0	0	1-1	0-0 0-2 2-0 2-2	