3268:3265	after the car accidients , you didn 't have any pain in your back or neck	dia73.html#after_the_car_accidients_,_you_didn_'t_have_any_pain_in_your_back_or_neck	was your back affected in those car accidents	dia56.html#was_your_back_affected_in_those_car_accidents	1	1	2-6 3-7 12-1 13-2	0-4 1-5 6-0 6-3 7-0 7-3 8-0 8-3 9-0 9-3 10-0 10-3	
3268:3269	after the car accidients , you didn 't have any pain in your back or neck	dia73.html#after_the_car_accidients_,_you_didn_'t_have_any_pain_in_your_back_or_neck	anythng else beside the more frequent urination	dia66.html#anythng_else_beside_the_more_frequent_urination	1	0			
3268:8	after the car accidients , you didn 't have any pain in your back or neck	dia73.html#after_the_car_accidients_,_you_didn_'t_have_any_pain_in_your_back_or_neck	does anything make the urge to urinate better	does_anything_make_the_urge_to_urinate_better.html	1	0			
3268:3022	after the car accidients , you didn 't have any pain in your back or neck	dia73.html#after_the_car_accidients_,_you_didn_'t_have_any_pain_in_your_back_or_neck	any pain in your legs	dia21.html#any_pain_in_your_legs	0	0	9-0 10-1 11-2 12-3		
3268:1763	after the car accidients , you didn 't have any pain in your back or neck	dia73.html#after_the_car_accidients_,_you_didn_'t_have_any_pain_in_your_back_or_neck	any pain in your neck	dia21.html#any_pain_in_your_neck	0	0	9-0 10-1 11-2 12-3 15-4		
3268:214	after the car accidients , you didn 't have any pain in your back or neck	dia73.html#after_the_car_accidients_,_you_didn_'t_have_any_pain_in_your_back_or_neck	is there any pain in your legs	is_there_any_pain_in_your_legs.html	0	0	9-2 10-3 11-4 12-5		