1426:1427	have you not been able to work since the injury	dia0.html#have_you_not_been_able_to_work_since_the_injury	has the pain caused you to miss work	dia11.html#has_the_pain_caused_you_to_miss_work	1	1	1-4 5-5 6-7 8-1	2-6 3-6 4-6 9-2	
1426:1428	have you not been able to work since the injury	dia0.html#have_you_not_been_able_to_work_since_the_injury	absolutely ! we cannot have you missing work ! we will definitely address this !	dia18.html#absolutely_!_we_cannot_have_you_missing_work_!_we_will_definitely_address_this_!	1	1	1-5	2-6 3-6 4-6 6-7	
1426:1425	have you not been able to work since the injury	dia0.html#have_you_not_been_able_to_work_since_the_injury	are you in pain currently	dia55.html#are_you_in_pain_currently	1	0	1-1		
1426:47	have you not been able to work since the injury	dia0.html#have_you_not_been_able_to_work_since_the_injury	have you been able to work	have_you_been_able_to_work.html	0	1	0-0 1-1 3-2 4-3 5-4 6-5		
1426:2	have you not been able to work since the injury	dia0.html#have_you_not_been_able_to_work_since_the_injury	have you had any headaches since the injury	have_you_had_any_headaches_since_the_injury.html	0	0	1-1 7-5 8-6 9-7		
1426:1997	have you not been able to work since the injury	dia0.html#have_you_not_been_able_to_work_since_the_injury	is not being able to work stressful for you	dia21.html#is_not_being_able_to_work_stressful_for_you	0	0	1-8 2-1 4-3 5-4 6-5	3-2	