846:845	i see you 're moving around quite a bit. does moving help	dia46.html#i_see_you_'re_moving_around_quite_a_bit._does_moving_help	does any movement make the pain worse	dia100.html#does_any_movement_make_the_pain_worse	1	0	4-2		
846:822	i see you 're moving around quite a bit. does moving help	dia46.html#i_see_you_'re_moving_around_quite_a_bit._does_moving_help	what kinds of things make your back pain worse	dia54.html#what_kinds_of_things_make_your_back_pain_worse	1	0			
846:814	i see you 're moving around quite a bit. does moving help	dia46.html#i_see_you_'re_moving_around_quite_a_bit._does_moving_help	anything that makes the pain worse	dia24.html#anything_that_makes_the_pain_worse	1	0			
846:633	i see you 're moving around quite a bit. does moving help	dia46.html#i_see_you_'re_moving_around_quite_a_bit._does_moving_help	i hear you	dia57.html#i_hear_you	0	0	0-0 2-2		
846:103	i see you 're moving around quite a bit. does moving help	dia46.html#i_see_you_'re_moving_around_quite_a_bit._does_moving_help	i see	i_see.html	0	0	0-0 1-1		
846:623	i see you 're moving around quite a bit. does moving help	dia46.html#i_see_you_'re_moving_around_quite_a_bit._does_moving_help	good to see you to	dia7.html#good_to_see_you_to	0	0	1-2 2-3		