2286:2283	what part of your back hurts	dia21.html#what_part_of_your_back_hurts	is the pain on both sides of your back	dia0.html#is_the_pain_on_both_sides_of_your_back	1	1	2-6 3-7 4-8	1-5 5-2	
2286:2288	what part of your back hurts	dia21.html#what_part_of_your_back_hurts	is the pain localized	dia60.html#is_the_pain_localized	1	1		1-3 5-2	
2286:133	what part of your back hurts	dia21.html#what_part_of_your_back_hurts	is the pain on both sides	is_the_pain_on_both_sides.html	1	1		1-5 5-2	
2286:2335	what part of your back hurts	dia21.html#what_part_of_your_back_hurts	and what region of your back hurts	dia62.html#and_what_region_of_your_back_hurts	0	1	0-1 1-2 2-3 3-4 4-5 5-6		
2286:0	what part of your back hurts	dia21.html#what_part_of_your_back_hurts	on which side of your back	on_which_side_of_your_back.html	0	1	0-1 1-2 2-3 3-4 4-5		
2286:2437	what part of your back hurts	dia21.html#what_part_of_your_back_hurts	what about your back	dia32.html#what_about_your_back	0	0	0-0 2-1 3-2 4-3		