3077:3076	do you think that 's associated with your back pain	dia97.html#do_you_think_that_'s_associated_with_your_back_pain	did the increased urination start at the same time as your back pain	dia8.html#did_the_increased_urination_start_at_the_same_time_as_your_back_pain	1	1	7-10 8-11 9-12	3-1 3-2 3-3 4-0 4-4 4-5 4-6 4-7 4-8 4-9 5-0 5-4 5-5 5-6 5-7 5-8 5-9 6-0 6-4 6-5 6-6 6-7 6-8 6-9	
3077:3075	do you think that 's associated with your back pain	dia97.html#do_you_think_that_'s_associated_with_your_back_pain	but youve been urinating more since your accident	dia75.html#but_youve_been_urinating_more_since_your_accident	1	1	7-6	3-1 3-2 3-3 3-4 4-5 5-5 6-5 8-7 9-7	
3077:3074	do you think that 's associated with your back pain	dia97.html#do_you_think_that_'s_associated_with_your_back_pain	has this increased need to urinate occurred since your back injury	dia29.html#has_this_increased_need_to_urinate_occurred_since_your_back_injury	1	1	7-8 8-9 9-10	3-1 3-2 3-3 3-4 3-5 4-0 4-6 4-7 5-0 5-6 5-7 6-0 6-6 6-7	
3077:110	do you think that 's associated with your back pain	dia97.html#do_you_think_that_'s_associated_with_your_back_pain	what do you think is causing your back pain	what_do_you_think_is_causing_your_back_pain.html	0	0	0-1 1-2 2-3 7-6 8-7 9-8		
3077:529	do you think that 's associated with your back pain	dia97.html#do_you_think_that_'s_associated_with_your_back_pain	does your back hurt	dia32.html#does_your_back_hurt	0	0	7-1 8-2	9-3	
3077:3732	do you think that 's associated with your back pain	dia97.html#do_you_think_that_'s_associated_with_your_back_pain	when did you hurt your back	dia80.html#when_did_you_hurt_your_back	0	0	1-2 7-4 8-5	9-3	