1333:1330	are you generally in good health	dia71.html#are_you_generally_in_good_health	how has your general health been	dia51.html#how_has_your_general_health_been	1	1	2-3 5-4	1-2	
1333:1336	are you generally in good health	dia71.html#are_you_generally_in_good_health	okay i have enough information abour your back , can you tell me a little about your past medical history	dia49.html#okay_i_have_enough_information_abour_your_back_,_can_you_tell_me_a_little_about_your_past_medical_history	1	1		1-16 2-17 5-18 5-19	
1333:1335	are you generally in good health	dia71.html#are_you_generally_in_good_health	could you tell me about any chronic or ongoing health problems you may have	dia11.html#could_you_tell_me_about_any_chronic_or_ongoing_health_problems_you_may_have	1	1	1-11 5-9	1-1 2-6 2-7 2-8	
1333:1033	are you generally in good health	dia71.html#are_you_generally_in_good_health	are you grandparents in good health	dia44.html#are_you_grandparents_in_good_health	0	0	0-0 3-3 4-4 5-5	1-1	
1333:3883	are you generally in good health	dia71.html#are_you_generally_in_good_health	are you safe	dia43.html#are_you_safe	0	0	1-1		
1333:1094	are you generally in good health	dia71.html#are_you_generally_in_good_health	are they both in good health	dia62.html#are_they_both_in_good_health	0	0	0-0 3-3 4-4 5-5		