1427:181	has the pain caused you to miss work	dia11.html#has_the_pain_caused_you_to_miss_work	has your back pain made you take days off of work	has_your_back_pain_made_you_take_days_off_of_work.html	1	1	0-0 2-3 3-4 4-5 7-10	6-6 6-7 6-8 6-9	
1427:1428	has the pain caused you to miss work	dia11.html#has_the_pain_caused_you_to_miss_work	absolutely ! we cannot have you missing work ! we will definitely address this !	dia18.html#absolutely_!_we_cannot_have_you_missing_work_!_we_will_definitely_address_this_!	1	0	4-5 7-7	6-6	
1427:1425	has the pain caused you to miss work	dia11.html#has_the_pain_caused_you_to_miss_work	are you in pain currently	dia55.html#are_you_in_pain_currently	1	0	2-3 4-1		
1427:880	has the pain caused you to miss work	dia11.html#has_the_pain_caused_you_to_miss_work	when do you get the pain	dia10.html#when_do_you_get_the_pain	0	0	1-4 2-5 4-2		
1427:509	has the pain caused you to miss work	dia11.html#has_the_pain_caused_you_to_miss_work	has the pain gotten worse	dia64.html#has_the_pain_gotten_worse	0	0	1-1 2-2		
1427:1174	has the pain caused you to miss work	dia11.html#has_the_pain_caused_you_to_miss_work	do you work	dia98.html#do_you_work	0	0	4-1 7-2		