497:572	has it gotten worse	dia50.html#has_it_gotten_worse	has it gotten any worse	dia77.html#has_it_gotten_any_worse	1	1	0-0 1-1 2-2 3-4		
497:558	has it gotten worse	dia50.html#has_it_gotten_worse	how much does your current pain hurt compared to your previous pain	dia28.html#how_much_does_your_current_pain_hurt_compared_to_your_previous_pain	1	1		0-0 0-1 0-2 0-6 0-7 0-8 0-9 0-10 0-11 1-4 1-5 2-0 2-1 2-2 2-6 2-7 2-8 2-9 2-10 2-11 3-0 3-1 3-2 3-6 3-7 3-8 3-9 3-10 3-11	OH GOD
497:543	has it gotten worse	dia50.html#has_it_gotten_worse	i understand how dificult this must be for you. so does the pain come and go	dia48.html#i_understand_how_dificult_this_must_be_for_you._so_does_the_pain_come_and_go	1	1		0-10 0-13 0-14 0-15 1-11 1-12 2-10 2-13 2-14 2-15 3-10 3-13 3-14 3-15	
497:515	has it gotten worse	dia50.html#has_it_gotten_worse	is it getting worse	dia92.html#is_it_getting_worse	0	1	1-1 3-3	0-0 0-2 2-0 2-2	It IS marked as a paraphrase....
497:36	has it gotten worse	dia50.html#has_it_gotten_worse	has it been getting worse	has_it_been_getting_worse.html	0	1	0-0 1-1 3-4	2-2 2-3	
497:802	has it gotten worse	dia50.html#has_it_gotten_worse	what makes it worse	dia92.html#what_makes_it_worse	0	0	1-2 3-3		