75:3523	that sounds awful	that_sounds_awful.html	that must be very difficult	dia66.html#that_must_be_very_difficult	1	1	0-0	1-1 1-2 2-4	 
75:3520	that sounds awful	that_sounds_awful.html	i 'm sorry you 've been in pain !	dia58.html#i_'m_sorry_you_'ve_been_in_pain_!	1	1			 
75:3521	that sounds awful	that_sounds_awful.html	i 'm sorry to hear that it 's bothering you so badly	dia81.html#i_'m_sorry_to_hear_that_it_'s_bothering_you_so_badly	1	1			 
75:2006	that sounds awful	that_sounds_awful.html	that sounds frustrating	dia77.html#that_sounds_frustrating	0	1	0-0 1-1	2-2	 
75:626	that sounds awful	that_sounds_awful.html	good	dia13.html#good	0	0			 
75:613	that sounds awful	that_sounds_awful.html	that sounds pretty painfull	dia56.html#that_sounds_pretty_painfull	0	1	0-0 1-1	2-3	 