3695:3690	that 's awful , when did this start	dia75.html#that_'s_awful_,_when_did_this_start	so , when did this incident occur	dia80.html#so_,_when_did_this_incident_occur	1	1	3-1 4-2 5-3 6-4	7-5 7-6	
3695:3687	that 's awful , when did this start	dia75.html#that_'s_awful_,_when_did_this_start	it sounds like the back pain has been really affecting you. whendid you help your buddy	dia57.html#it_sounds_like_the_back_pain_has_been_really_affecting_you._whendid_you_help_your_buddy	1	1	4-11 5-11	6-12 6-13 6-14 6-15 7-12 7-13 7-14 7-15	
3695:3684	that 's awful , when did this start	dia75.html#that_'s_awful_,_when_did_this_start	how long has it been aching	dia88.html#how_long_has_it_been_aching	1	1		4-0 4-1 5-2 5-4 5-5 6-3 7-2 7-4 7-5	
3695:2121	that 's awful , when did this start	dia75.html#that_'s_awful_,_when_did_this_start	when did this start	dia92.html#when_did_this_start	0	1	4-0 5-1 6-2 7-3		
3695:2120	that 's awful , when did this start	dia75.html#that_'s_awful_,_when_did_this_start	when did that start	dia89.html#when_did_that_start	0	1	4-0 5-1 6-2 7-3		
3695:3697	that 's awful , when did this start	dia75.html#that_'s_awful_,_when_did_this_start	when did this start , again	dia3.html#when_did_this_start_,_again	0	1	4-0 5-1 6-2 7-3		