3090:3081	any other questions	dia66.html#any_other_questions	any other concerns or questions	dia26.html#any_other_concerns_or_questions	1	1	0-0 1-1 2-4	2-2 2-3	
3090:3086	any other questions	dia66.html#any_other_questions	and do you have any concerns about this back pain being anything in particular	dia13.html#and_do_you_have_any_concerns_about_this_back_pain_being_anything_in_particular	1	1	0-4	2-5	
3090:3084	any other questions	dia66.html#any_other_questions	ok. well i think i have a good start on what 's bothering you and a clear picture of your overall health. do you have any questions for me	dia3.html#ok._well_i_think_i_have_a_good_start_on_what_'s_bothering_you_and_a_clear_picture_of_your_overall_health._do_you_have_any_questions_for_me	1	1	0-25 2-26		segmentation error
3090:3637	any other questions	dia66.html#any_other_questions	any other issues	dia58.html#any_other_issues	0	1	0-0 1-1	2-2	I think the "anything else" and "do you have any questions for me" categories could possibly be merged.
3090:1431	any other questions	dia66.html#any_other_questions	any other concerns	dia35.html#any_other_concerns	0	1	0-0 1-1	2-2	
3090:1364	any other questions	dia66.html#any_other_questions	any other medicine	dia7.html#any_other_medicine	0	0	0-0 1-1		