143:2593	so you work on cars	so_you_work_on_cars.html	what do you enjoy	dia50.html#what_do_you_enjoy	1	0	1-2		 
143:2598	so you work on cars	so_you_work_on_cars.html	okay. we already talked about how you are a mechanic. do you have any other activities	dia71.html#okay._we_already_talked_about_how_you_are_a_mechanic._do_you_have_any_other_activities	1	1	1-6	2-7 2-8 2-9 3-7 3-8 3-9 4-7 4-8 4-9	 sentence segmentation error
143:2600	so you work on cars	so_you_work_on_cars.html	i can definitely understand that , what are some things you like to do in your free time	dia96.html#i_can_definitely_understand_that_,_what_are_some_things_you_like_to_do_in_your_free_time	1	0	1-10	1-15	 
143:1195	so you work on cars	so_you_work_on_cars.html	i understand. so you work with cars	dia9.html#i_understand._so_you_work_with_cars	0	1	0-2 1-3 2-4 3-5 4-6		 sentence segmentation error
143:1174	so you work on cars	so_you_work_on_cars.html	do you work	dia98.html#do_you_work	0	0	1-1 2-0 2-2		work on =/= work?
143:941	so you work on cars	so_you_work_on_cars.html	are you currently working	dia84.html#are_you_currently_working	0	0	1-1	2-3	work on =/= work?