3062:3048	do you have any chronic medical problems	dia70.html#do_you_have_any_chronic_medical_problems	do you have any chronic medical conditions	dia86.html#do_you_have_any_chronic_medical_conditions	1	1	0-0 1-1 2-2 3-3 4-4 5-5	6-6	
3062:3041	do you have any chronic medical problems	dia70.html#do_you_have_any_chronic_medical_problems	no history of chronic diseases like diabetes or heart disease	dia21.html#no_history_of_chronic_diseases_like_diabetes_or_heart_disease	1	1	4-3	3-0 5-4 6-4	
3062:3053	do you have any chronic medical problems	dia70.html#do_you_have_any_chronic_medical_problems	have you been diagnosed with chronic illness or disease	dia35.html#have_you_been_diagnosed_with_chronic_illness_or_disease	1	1	4-5	5-6 5-7 5-8 6-6 6-7 6-8	
3062:211	do you have any chronic medical problems	dia70.html#do_you_have_any_chronic_medical_problems	do you have any chronic health problems	do_you_have_any_chronic_health_problems.html	0	1	0-0 1-1 2-2 3-3 4-4 5-5 6-6		
3062:323	do you have any chronic medical problems	dia70.html#do_you_have_any_chronic_medical_problems	do you have any medical problems	do_you_have_any_medical_problems.html	0	1	0-0 1-1 2-2 3-3 5-4 6-5		
3062:3137	do you have any chronic medical problems	dia70.html#do_you_have_any_chronic_medical_problems	do they have any medical problems	dia84.html#do_they_have_any_medical_problems	0	0	0-0 1-1 3-3 5-4 6-5		