1752:300	any stomach pain	dia72.html#any_stomach_pain	stomach pain	stomach_pain.html	1	1	1-0 2-1		
1752:1754	any stomach pain	dia72.html#any_stomach_pain	any burning or other pain in the abdominal area	dia96.html#any_burning_or_other_pain_in_the_abdominal_area	1	1	0-0 2-4	1-5 1-6 1-7 1-8	
1752:1749	any stomach pain	dia72.html#any_stomach_pain	is there any pain in your abdominal region	dia35.html#is_there_any_pain_in_your_abdominal_region	1	1	0-2 2-3	1-4 1-5 1-6 1-7	
1752:3015	any stomach pain	dia72.html#any_stomach_pain	any stomach trouble	dia95.html#any_stomach_trouble	0	1	0-0 1-1 2-2		
1752:2850	any stomach pain	dia72.html#any_stomach_pain	are you having any stomach pain	dia52.html#are_you_having_any_stomach_pain	0	1	0-3 1-4 2-5		
1752:3114	any stomach pain	dia72.html#any_stomach_pain	any other pain	dia80.html#any_other_pain	0	0	0-0 2-2		