3582:3580	you are a good friend ! so you felt a sharp pain right away , and now it has become a dull ache	dia9.html#you_are_a_good_friend_!_so_you_felt_a_sharp_pain_right_away_,_and_now_it_has_become_a_dull_ache	ok to summarize you have lower back pain for about a week and it 's affecting your job	dia62.html#ok_to_summarize_you_have_lower_back_pain_for_about_a_week_and_it_'s_affecting_your_job	1	1	7-3 11-7	17-13	
3582:1	you are a good friend ! so you felt a sharp pain right away , and now it has become a dull ache	dia9.html#you_are_a_good_friend_!_so_you_felt_a_sharp_pain_right_away_,_and_now_it_has_become_a_dull_ache	to quickly summarize	to_quickly_summarize.html	1	1			
3582:3581	you are a good friend ! so you felt a sharp pain right away , and now it has become a dull ache	dia9.html#you_are_a_good_friend_!_so_you_felt_a_sharp_pain_right_away_,_and_now_it_has_become_a_dull_ache	you told me it started about 4 to 5 days ago. is that correct	dia98.html#you_told_me_it_started_about_4_to_5_days_ago._is_that_correct	1	1	0-0	7-0 11-3 17-3	
3582:3540	you are a good friend ! so you felt a sharp pain right away , and now it has become a dull ache	dia9.html#you_are_a_good_friend_!_so_you_felt_a_sharp_pain_right_away_,_and_now_it_has_become_a_dull_ache	of course. you are a good friend	dia76.html#of_course._you_are_a_good_friend	0	0	0-2 1-3 2-4 3-5 4-6		
3582:305	you are a good friend ! so you felt a sharp pain right away , and now it has become a dull ache	dia9.html#you_are_a_good_friend_!_so_you_felt_a_sharp_pain_right_away_,_and_now_it_has_become_a_dull_ache	are you in pain right now	are_you_in_pain_right_now.html	0	0	0-1 11-3 16-5	7-1 17-3	
3582:3514	you are a good friend ! so you felt a sharp pain right away , and now it has become a dull ache	dia9.html#you_are_a_good_friend_!_so_you_felt_a_sharp_pain_right_away_,_and_now_it_has_become_a_dull_ache	so you said the pain started out sharp and is now dull , when did it become dull	dia39.html#so_you_said_the_pain_started_out_sharp_and_is_now_dull_,_when_did_it_become_dull	0	0	6-0 7-1 10-7 11-4 15-8 16-10 21-11	12-5 12-6 13-5 13-6 17-15 21-17	