1900:258	have you taken anything else	dia60.html#have_you_taken_anything_else	have you tried anything else	have_you_tried_anything_else.html	1	1	0-0 1-1 2-2 3-3 4-4		
1900:1908	have you taken anything else	dia60.html#have_you_taken_anything_else	what makes it better ? besides ibuprofen	dia7.html#what_makes_it_better_?_besides_ibuprofen	1	1		3-0 3-5 4-0 4-5	
1900:1879	have you taken anything else	dia60.html#have_you_taken_anything_else	what helps with your pain , besides ibuprofen	dia17.html#what_helps_with_your_pain_,_besides_ibuprofen	1	1		3-0 3-6 4-0 4-6	
1900:3639	have you taken anything else	dia60.html#have_you_taken_anything_else	are you taking anything else	dia59.html#are_you_taking_anything_else	0	1	1-1 3-3 4-4	0-0 0-2 2-0 2-2	
1900:1533	have you taken anything else	dia60.html#have_you_taken_anything_else	have you taken anything for it	dia60.html#have_you_taken_anything_for_it	0	0	0-0 1-1 2-2 3-3		
1900:306	have you taken anything else	dia60.html#have_you_taken_anything_else	anything else	anything_else.html	0	0	3-0 4-1		