3760:3776	you pee a lot at night	dia7.html#you_pee_a_lot_at_night	have you been urinating more frequently	dia26.html#have_you_been_urinating_more_frequently	1	1	0-1	1-0 1-2 1-3 2-5 3-5	
3760:2483	you pee a lot at night	dia7.html#you_pee_a_lot_at_night	tell me more	dia68.html#tell_me_more	1	0			
3760:3785	you pee a lot at night	dia7.html#you_pee_a_lot_at_night	more so than usual	dia55.html#more_so_than_usual	1	1		2-0 2-1 3-0 3-1	
3760:2738	you pee a lot at night	dia7.html#you_pee_a_lot_at_night	can you urinate	dia60.html#can_you_urinate	0	0	0-1 1-2		
3760:33	you pee a lot at night	dia7.html#you_pee_a_lot_at_night	are you getting up at night to pee	are_you_getting_up_at_night_to_pee.html	0	1	0-1 1-7 4-4 5-5		
3760:3587	you pee a lot at night	dia7.html#you_pee_a_lot_at_night	are you urinating normally	dia74.html#are_you_urinating_normally	0	0	0-1 1-2		