3689:3685	when did your friend move	dia64.html#when_did_your_friend_move	when were you helping your riend move	dia102.html#when_were_you_helping_your_riend_move	1	1	0-0 2-4 3-5	1-6 4-6	
3689:61	when did your friend move	dia64.html#when_did_your_friend_move	how long ago was this	how_long_ago_was_this.html	1	1		0-0 0-1 0-2 1-3 1-4 2-3 2-4 3-3 3-4 4-3 4-4	
3689:3684	when did your friend move	dia64.html#when_did_your_friend_move	how long has it been aching	dia88.html#how_long_has_it_been_aching	1	1		0-0 0-1 1-2 1-3 1-4 1-5 2-2 2-3 2-4 2-5 3-2 3-3 3-4 3-5 4-2 4-3 4-4 4-5	
3689:2414	when did your friend move	dia64.html#when_did_your_friend_move	when did you help your friend move	dia22.html#when_did_you_help_your_friend_move	0	1	0-0 1-1 2-4 3-5 4-6		
3689:118	when did your friend move	dia64.html#when_did_your_friend_move	do you have friends	do_you_have_friends.html	0	0	3-3	2-1	
3689:1300	when did your friend move	dia64.html#when_did_your_friend_move	when did your grandparents die	dia42.html#when_did_your_grandparents_die	0	0	0-0 2-2		