1984:1977	when was your last drink	dia55.html#when_was_your_last_drink	how many days a week do you drink	dia0.html#how_many_days_a_week_do_you_drink	1	1		4-7	the issue is that they're not paraphrases per se but they certainly are the same dialogue act
1984:281	when was your last drink	dia55.html#when_was_your_last_drink	how many drinks per week	how_many_drinks_per_week.html	1	1		4-2	 
1984:1981	when was your last drink	dia55.html#when_was_your_last_drink	how often a week do you drnk	dia39.html#how_often_a_week_do_you_drnk	1	1		4-6	transcription error
1984:73	when was your last drink	dia55.html#when_was_your_last_drink	when was your last menstrual period	when_was_your_last_menstrual_period.html	0	0	0-0 1-1 2-2 3-3		 
1984:3688	when was your last drink	dia55.html#when_was_your_last_drink	when was this	dia64.html#when_was_this	0	0	0-0 1-1		 
1984:205	when was your last drink	dia55.html#when_was_your_last_drink	when was your car accident	when_was_your_car_accident.html	0	0	0-0 1-1 2-2		 