3579:1	okay , i see. i am going to summarize what you tolde me , okay	dia53.html#okay_,_i_see._i_am_going_to_summarize_what_you_tolde_me_,_okay	to quickly summarize	to_quickly_summarize.html	1	1	7-0 8-2		
3579:3583	okay , i see. i am going to summarize what you tolde me , okay	dia53.html#okay_,_i_see._i_am_going_to_summarize_what_you_tolde_me_,_okay	i hope i 'll be able to help your back pain. to quickly summarize , you are experiencing lower back pain in the form of a dull ache right in the middle of your back. it started hurting after you helped a friend lift some furniture approximately 4 5 days ago , and it 's been a constant pain. bending down or moving around makes the pain worse , and ibuprofen only helps a little bit	dia97.html#i_hope_i_'ll_be_able_to_help_your_back_pain._to_quickly_summarize_,_you_are_experiencing_lower_back_pain_in_the_form_of_a_dull_ache_right_in_the_middle_of_your_back._it_started_hurting_after_you_helped_a_friend_lift_some_furniture_approximately_4_5_days_ago_,_and_it_'s_been_a_constant_pain._bending_down_or_moving_around_makes_the_pain_worse_,_and_ibuprofen_only_helps_a_little_bit	1	1	7-11 8-13		
3579:3584	okay , i see. i am going to summarize what you tolde me , okay	dia53.html#okay_,_i_see._i_am_going_to_summarize_what_you_tolde_me_,_okay	so it 's just been bothering you these past few days since that incident	dia19.html#so_it_'s_just_been_bothering_you_these_past_few_days_since_that_incident	1	1	10-6	8-0	
3579:30	okay , i see. i am going to summarize what you tolde me , okay	dia53.html#okay_,_i_see._i_am_going_to_summarize_what_you_tolde_me_,_okay	let me summarize	let_me_summarize.html	0	1	8-2	4-1	
3579:973	okay , i see. i am going to summarize what you tolde me , okay	dia53.html#okay_,_i_see._i_am_going_to_summarize_what_you_tolde_me_,_okay	okay ,	dia42.html#okay_,	0	0	0-0 1-1		
3579:3498	okay , i see. i am going to summarize what you tolde me , okay	dia53.html#okay_,_i_see._i_am_going_to_summarize_what_you_tolde_me_,_okay	okay , can i summarize everything	dia18.html#okay_,_can_i_summarize_everything	0	1	0-0 1-1 4-3 8-4	9-5 10-5 11-5 12-5	