1936:1931	do you need any shots today	dia31.html#do_you_need_any_shots_today	are your shots up to date	dia86.html#are_your_shots_up_to_date	1	1	4-2	1-1	
1936:1937	do you need any shots today	dia31.html#do_you_need_any_shots_today	immunization	dia65.html#immunization	1	1	4-0		
1936:1924	do you need any shots today	dia31.html#do_you_need_any_shots_today	up to date on your immunizations	dia66.html#up_to_date_on_your_immunizations	1	1	4-5	1-4	
1936:371	do you need any shots today	dia31.html#do_you_need_any_shots_today	do you take any drugs	dia98.html#do_you_take_any_drugs	0	0	1-1 3-3		
1936:1548	do you need any shots today	dia31.html#do_you_need_any_shots_today	do you take any meditations	dia58.html#do_you_take_any_meditations	0	0	1-1 3-3		
1936:1558	do you need any shots today	dia31.html#do_you_need_any_shots_today	do you take any meds	dia58.html#do_you_take_any_meds	0	0	1-1 3-3		