488:470	that 's great. have you been working the past few days	dia103.html#that_'s_great._have_you_been_working_the_past_few_days	how has the back pain been affecting you at work	dia50.html#how_has_the_back_pain_been_affecting_you_at_work	1	0	4-7	6-9	segmentation error
488:494	that 's great. have you been working the past few days	dia103.html#that_'s_great._have_you_been_working_the_past_few_days	does this interfere with your life	dia90.html#does_this_interfere_with_your_life	1	1		4-4	eh...
488:328	that 's great. have you been working the past few days	dia103.html#that_'s_great._have_you_been_working_the_past_few_days	so i imagine this back pain is making hard to do your work	dia93.html#so_i_imagine_this_back_pain_is_making_hard_to_do_your_work	1	0		4-11 5-10 5-12 6-10 6-12	
488:2953	that 's great. have you been working the past few days	dia103.html#that_'s_great._have_you_been_working_the_past_few_days	have you had any fever in the past couple of days	dia57.html#have_you_had_any_fever_in_the_past_couple_of_days	0	0	4-1 7-6 8-7 9-8 9-9 10-10		
488:534	that 's great. have you been working the past few days	dia103.html#that_'s_great._have_you_been_working_the_past_few_days	how has the pain been the past few days	dia5.html#how_has_the_pain_been_the_past_few_days	0	0	7-5 8-6 9-7 10-8		
488:1667	that 's great. have you been working the past few days	dia103.html#that_'s_great._have_you_been_working_the_past_few_days	great. have you ever had surgery	dia3.html#great._have_you_ever_had_surgery	0	0	2-0 4-2		