2636:2643	any tingling	dia19.html#any_tingling	have you had any tingling	dia55.html#have_you_had_any_tingling	1	1	0-3 1-4		
2636:2646	any tingling	dia19.html#any_tingling	loss of sensation	dia65.html#loss_of_sensation	1	1		1-0 1-1 1-2	
2636:2641	any tingling	dia19.html#any_tingling	numbness	dia77.html#numbness	1	1		1-0	
2636:2990	any tingling	dia19.html#any_tingling	any chills	dia84.html#any_chills	0	0	0-0		
2636:155	any tingling	dia19.html#any_tingling	chills	chills.html	0	0			
2636:2975	any tingling	dia19.html#any_tingling	do you have any chills	dia75.html#do_you_have_any_chills	0	0	0-3		