208:1372	do you take any over the counter medications	do_you_take_any_over_the_counter_medications.html	do you take any other medications	dia53.html#do_you_take_any_other_medications	1	1	0-0 1-1 2-2 3-3 7-5		
208:1343	do you take any over the counter medications	do_you_take_any_over_the_counter_medications.html	taking medication regularly	dia65.html#taking_medication_regularly	1	1	7-1	0-0 2-0	
208:1357	do you take any over the counter medications	do_you_take_any_over_the_counter_medications.html	ok. you mentioned you were taking baby aspirin. is this correct	dia95.html#ok._you_mentioned_you_were_taking_baby_aspirin._is_this_correct	1	1	1-3	0-4 0-5 2-4 2-5 4-6 4-7 5-6 5-7 6-6 6-7 7-6 7-7	
208:1535	do you take any over the counter medications	do_you_take_any_over_the_counter_medications.html	do you take any over the counter drugs	dia98.html#do_you_take_any_over_the_counter_drugs	0	1	0-0 1-1 2-2 3-3 4-4 5-5 6-6 7-7		
208:90	do you take any over the counter medications	do_you_take_any_over_the_counter_medications.html	are you taking any over the counter drugs	are_you_taking_any_over_the_counter_drugs.html	0	1	1-1 3-3 4-4 5-5 6-6 7-7	0-0 0-2 2-0 2-2	
208:1541	do you take any over the counter medications	do_you_take_any_over_the_counter_medications.html	ok. do you take any over the counter medications	dia23.html#ok._do_you_take_any_over_the_counter_medications	0	1	0-1 1-2 2-3 3-4 4-5 5-6 6-7 7-8		