1059:1064	did they have any health conditions	dia17.html#did_they_have_any_health_conditions	did your grandparents have any health conditions	dia48.html#did_your_grandparents_have_any_health_conditions	1	1	0-0 2-3 3-4 4-5 5-6	1-1 1-2	
1059:1056	did they have any health conditions	dia17.html#did_they_have_any_health_conditions	let 's talk about your family history. tell me about the health of your grandparents , starting on your father 's side	dia12.html#let_'s_talk_about_your_family_history._tell_me_about_the_health_of_your_grandparents_,_starting_on_your_father_'s_side	1	1	4-11	1-13 1-14	
1059:1060	did they have any health conditions	dia17.html#did_they_have_any_health_conditions	do your grandparents hae chronic illness	dia15.html#do_your_grandparents_hae_chronic_illness	1	1		0-0 0-3 1-1 1-2 2-0 2-3 4-4 4-5 5-4 5-5	
1059:3308	did they have any health conditions	dia17.html#did_they_have_any_health_conditions	do they have any medical conditions	dia10.html#do_they_have_any_medical_conditions	0	0	0-0 2-2 3-3 4-4 5-5		
1059:3142	did they have any health conditions	dia17.html#did_they_have_any_health_conditions	do you have any medical conditions	dia55.html#do_you_have_any_medical_conditions	0	0	0-0 2-2 3-3 4-4 5-5		
1059:3059	did they have any health conditions	dia17.html#did_they_have_any_health_conditions	do they have any chronic health conditions	dia58.html#do_they_have_any_chronic_health_conditions	0	0	0-0 2-2 3-3 4-5 5-6		they indeed should not be paraphrases but the headline is incorrect for the second sentence