2093:2100	why are you here	dia38.html#why_are_you_here	what do you want to talk about	dia66.html#what_do_you_want_to_talk_about	1	1	2-2	0-0 0-1 0-3	
2093:2112	why are you here	dia38.html#why_are_you_here	what 's going on today	dia92.html#what_'s_going_on_today	1	1		0-1 0-2 0-3	
2093:2110	why are you here	dia38.html#why_are_you_here	so before we get started , i 'd like to hear everything you want to talk about	dia66.html#so_before_we_get_started_,_i_'d_like_to_hear_everything_you_want_to_talk_about	1	1	2-12	0-13 0-14 0-15 0-16	
2093:702	why are you here	dia38.html#why_are_you_here	how are you	dia94.html#how_are_you	0	0	2-2		
2093:1577	why are you here	dia38.html#why_are_you_here	why are you taking ibuprofen	dia98.html#why_are_you_taking_ibuprofen	0	0	2-2		
2093:2378	why are you here	dia38.html#why_are_you_here	what does it feel like	dia47.html#what_does_it_feel_like	0	0			