943:941	are you working	dia45.html#are_you_working	are you currently working	dia84.html#are_you_currently_working	1	1	0-0 1-1 2-3		
943:942	are you working	dia45.html#are_you_working	i can see how your injury would affect your work then !	dia36.html#i_can_see_how_your_injury_would_affect_your_work_then_!	1	0		2-9	
943:945	are you working	dia45.html#are_you_working	ok good. you mentioned you work at a car parts store ? have you been to work in the past few days	dia82.html#ok_good._you_mentioned_you_work_at_a_car_parts_store_?_have_you_been_to_work_in_the_past_few_days	1	1	1-13	0-12 0-14 0-15 0-16 2-12 2-14 2-15 2-16	
943:1179	are you working	dia45.html#are_you_working	are you employed	dia75.html#are_you_employed	0	0	1-1		
943:102	are you working	dia45.html#are_you_working	do you exercise	do_you_exercise.html	0	0	1-1		
943:290	are you working	dia45.html#are_you_working	do you run	do_you_run.html	0	0	1-1		