947:952	what are you most worried about	dia5.html#what_are_you_most_worried_about	what are your biggest concerns about the pain	dia11.html#what_are_your_biggest_concerns_about_the_pain	1	1	0-0 1-1 3-3 4-4 5-5	2-2	are the auxiliaries truly to be aligned here?
947:951	what are you most worried about	dia5.html#what_are_you_most_worried_about	is there anything that concerns you about your back pain or frequent urination	dia4.html#is_there_anything_that_concerns_you_about_your_back_pain_or_frequent_urination	1	1	2-5	0-0 0-1 0-2 0-3 1-4 4-4 5-4	
947:950	what are you most worried about	dia5.html#what_are_you_most_worried_about	that 's a valid concern. what worries you about this pain	dia1.html#that_'s_a_valid_concern._what_worries_you_about_this_pain	1	1	0-5 2-7	1-6 4-6 5-8	
947:484	what are you most worried about	dia5.html#what_are_you_most_worried_about	what are you most concerned about	dia84.html#what_are_you_most_concerned_about	0	1	0-0 1-1 2-2 3-3 4-4 5-5		
947:2592	what are you most worried about	dia5.html#what_are_you_most_worried_about	what are you most afraid of	dia44.html#what_are_you_most_afraid_of	0	1	0-0 1-1 2-2 3-3 4-4 4-5 5-4 5-5		
947:3791	what are you most worried about	dia5.html#what_are_you_most_worried_about	do you have headaches	dia72.html#do_you_have_headaches	0	0	2-1		