1097:1122	how is your parent 's health	dia28.html#how_is_your_parent_'s_health	how is your mother	dia97.html#how_is_your_mother	1	1	0-0 1-1 2-2	3-3	
1097:1113	how is your parent 's health	dia28.html#how_is_your_parent_'s_health	what about parents	dia33.html#what_about_parents	1	1	3-2	0-0 0-1 1-0 1-1	
1097:1091	how is your parent 's health	dia28.html#how_is_your_parent_'s_health	so both parents are still living	dia71.html#so_both_parents_are_still_living	1	1		3-2 5-5	
1097:1138	how is your parent 's health	dia28.html#how_is_your_parent_'s_health	how is your mother 's health	dia68.html#how_is_your_mother_'s_health	0	1	0-0 1-1 2-2 4-4 5-5	3-3	
1097:1334	how is your parent 's health	dia28.html#how_is_your_parent_'s_health	how is your health	dia74.html#how_is_your_health	0	0	0-0 1-1 2-2 5-3		
1097:1129	how is your parent 's health	dia28.html#how_is_your_parent_'s_health	how is your parents health	dia103.html#how_is_your_parents_health	0	1	0-0 1-1 2-2 3-3 5-4		