3117:3121	any muscle weakness other than in your back	dia24.html#any_muscle_weakness_other_than_in_your_back	do you have any other aches besides your back	dia88.html#do_you_have_any_other_aches_besides_your_back	1	1	0-3 6-7 7-8	1-5 2-5 3-4 3-6 4-4 4-6	
3117:3101	any muscle weakness other than in your back	dia24.html#any_muscle_weakness_other_than_in_your_back	aches and pains	dia20.html#aches_and_pains	1	1		1-0 1-1 1-2 2-0 2-1 2-2	
3117:3122	any muscle weakness other than in your back	dia24.html#any_muscle_weakness_other_than_in_your_back	do you feel pain in othe areas of you body >	dia15.html#do_you_feel_pain_in_othe_areas_of_you_body_>	1	1		1-3 2-3 3-4 3-5 3-6 3-7 3-8 3-9 4-4 4-5 4-6 4-7 4-8 4-9 5-4 5-5 5-6 5-7 5-8 5-9 6-4 6-5 6-6 6-7 6-8 6-9 7-4 7-5 7-6 7-7 7-8 7-9	
3117:2810	any muscle weakness other than in your back	dia24.html#any_muscle_weakness_other_than_in_your_back	any muscle weakness	dia75.html#any_muscle_weakness	0	0	0-0 1-1 2-2		
3117:2835	any muscle weakness other than in your back	dia24.html#any_muscle_weakness_other_than_in_your_back	any weakness in your legs	dia47.html#any_weakness_in_your_legs	0	0	0-0 2-1 6-3		
3117:1494	any muscle weakness other than in your back	dia24.html#any_muscle_weakness_other_than_in_your_back	any swelling in your back	dia19.html#any_swelling_in_your_back	0	0	5-2 6-3 7-4		