3539:3569	ok. i have everything i need	dia48.html#ok._i_have_everything_i_need	i understand. i am sorry to hear that	dia27.html#i_understand._i_am_sorry_to_hear_that	1	0	4-0	1-2	
3539:3527	ok. i have everything i need	dia48.html#ok._i_have_everything_i_need	ok , thank you	dia46.html#ok_,_thank_you	1	1	0-0		
3539:3549	ok. i have everything i need	dia48.html#ok._i_have_everything_i_need	okay mr. wilkins , we 'll definitely try to figure out what 's going on with your back	dia25.html#okay_mr._wilkins_,_we_'ll_definitely_try_to_figure_out_what_'s_going_on_with_your_back	1	1	0-0		
3539:9	ok. i have everything i need	dia48.html#ok._i_have_everything_i_need	i think i have what i need	i_think_i_have_what_i_need.html	0	1	1-2 2-3 3-4 4-5 5-6		
3539:37	ok. i have everything i need	dia48.html#ok._i_have_everything_i_need	i have all the information i need	i_have_all_the_information_i_need.html	0	1	1-0 2-1 3-2 3-3 3-4 4-5 5-6		
3539:611	ok. i have everything i need	dia48.html#ok._i_have_everything_i_need	ok. i can understand that	dia30.html#ok._i_can_understand_that	0	0	0-0 1-1	4-1	