2415:2413	ok , and when did this incident happen	dia63.html#ok_,_and_when_did_this_incident_happen	okay. how many days ago did this happen	dia24.html#okay._how_many_days_ago_did_this_happen	1	1	3-1 3-2 3-3 3-4 4-5 7-7	5-6 6-6	
2415:299	ok , and when did this incident happen	dia63.html#ok_,_and_when_did_this_incident_happen	what day did you hurt your back	what_day_did_you_hurt_your_back.html	1	1	3-0 3-1 4-2	5-3 5-4 5-5 5-6 6-3 6-4 6-5 6-6 7-3 7-4 7-5 7-6	
2415:2414	ok , and when did this incident happen	dia63.html#ok_,_and_when_did_this_incident_happen	when did you help your friend move	dia22.html#when_did_you_help_your_friend_move	1	1	3-0 4-1	5-2 5-3 5-4 5-5 5-6 6-2 6-3 6-4 6-5 6-6 7-2 7-3 7-4 7-5 7-6	
2415:3690	ok , and when did this incident happen	dia63.html#ok_,_and_when_did_this_incident_happen	so , when did this incident occur	dia80.html#so_,_when_did_this_incident_occur	0	1	1-1 3-2 4-3 5-4 6-5 7-6	0-0	
2415:3701	ok , and when did this incident happen	dia63.html#ok_,_and_when_did_this_incident_happen	when did this happen	dia103.html#when_did_this_happen	0	1	3-0 4-1 7-3	5-2 6-2	
2415:3726	ok , and when did this incident happen	dia63.html#ok_,_and_when_did_this_incident_happen	okay , and when did it start	dia68.html#okay_,_and_when_did_it_start	0	0	0-0 1-1 2-2 3-3 4-4		