3526:3528	thank you very much for your time and cooperation. the doctor will be in shortly	dia18.html#thank_you_very_much_for_your_time_and_cooperation._the_doctor_will_be_in_shortly	okay thank you	dia59.html#okay_thank_you	1	1	0-1 1-2		
3526:3568	thank you very much for your time and cooperation. the doctor will be in shortly	dia18.html#thank_you_very_much_for_your_time_and_cooperation._the_doctor_will_be_in_shortly	i 'm so sorry to hear that	dia7.html#i_'m_so_sorry_to_hear_that	1	0			
3526:3571	thank you very much for your time and cooperation. the doctor will be in shortly	dia18.html#thank_you_very_much_for_your_time_and_cooperation._the_doctor_will_be_in_shortly	sorry to hear that	dia80.html#sorry_to_hear_that	1	0			
3526:597	thank you very much for your time and cooperation. the doctor will be in shortly	dia18.html#thank_you_very_much_for_your_time_and_cooperation._the_doctor_will_be_in_shortly	thank you for your time	dia98.html#thank_you_for_your_time	0	1	0-0 1-1 4-2 5-3 6-4		
3526:592	thank you very much for your time and cooperation. the doctor will be in shortly	dia18.html#thank_you_very_much_for_your_time_and_cooperation._the_doctor_will_be_in_shortly	thank you mr. wilkins , the doctor will be in shortly	dia18.html#thank_you_mr._wilkins_,_the_doctor_will_be_in_shortly	0	1	0-0 1-1 9-5 10-6 11-7 12-8 13-9 14-10		
3526:230	thank you very much for your time and cooperation. the doctor will be in shortly	dia18.html#thank_you_very_much_for_your_time_and_cooperation._the_doctor_will_be_in_shortly	thank you	thank_you.html	0	1	0-0 1-1		