3142:3141	do you have any medical conditions	dia55.html#do_you_have_any_medical_conditions	do you have any other medical conditions	dia66.html#do_you_have_any_other_medical_conditions	1	1	0-0 1-1 2-2 3-3 4-5 5-6		
3142:3172	do you have any medical conditions	dia55.html#do_you_have_any_medical_conditions	history of other illnesses	dia65.html#history_of_other_illnesses	1	1		3-2 4-3 5-3	
3142:3152	do you have any medical conditions	dia55.html#do_you_have_any_medical_conditions	i understand , but this may help us. are you currently being treated for medical issues	dia34.html#i_understand_,_but_this_may_help_us._are_you_currently_being_treated_for_medical_issues	1	1	1-9 4-14 5-15		
3142:3308	do you have any medical conditions	dia55.html#do_you_have_any_medical_conditions	do they have any medical conditions	dia10.html#do_they_have_any_medical_conditions	0	0	0-0 2-2 3-3 4-4 5-5		
3142:1059	do you have any medical conditions	dia55.html#do_you_have_any_medical_conditions	did they have any health conditions	dia17.html#did_they_have_any_health_conditions	0	0	2-2 3-3 4-4 5-5	0-0	
3142:1550	do you have any medical conditions	dia55.html#do_you_have_any_medical_conditions	do you take any medications	dia98.html#do_you_take_any_medications	0	0	1-1		