1435:1436	what do you do for exercise	dia26.html#what_do_you_do_for_exercise	that 's great. what do you do for exercise	dia31.html#that_'s_great._what_do_you_do_for_exercise	1	1	0-3 1-4 2-5 3-6 4-7 5-8		
1435:1439	what do you do for exercise	dia26.html#what_do_you_do_for_exercise	i 'm sorry to hear you couldn 't enjoy the game ! what about exercise and your diet	dia5.html#i_'m_sorry_to_hear_you_couldn_'t_enjoy_the_game_!_what_about_exercise_and_your_diet	1	1	0-12 2-5 5-14	2-16	
1435:1443	what do you do for exercise	dia26.html#what_do_you_do_for_exercise	do you engage in physical activity	dia52.html#do_you_engage_in_physical_activity	1	1	2-1	5-4 5-5	
1435:49	what do you do for exercise	dia26.html#what_do_you_do_for_exercise	what do you do for work	what_do_you_do_for_work.html	0	0	2-2		
1435:1451	what do you do for exercise	dia26.html#what_do_you_do_for_exercise	what do you do for enjoyment	dia88.html#what_do_you_do_for_enjoyment	0	0	2-2		
1435:1191	what do you do for exercise	dia26.html#what_do_you_do_for_exercise	and what do you do for work	dia80.html#and_what_do_you_do_for_work	0	0	2-3		