3693:3689	that totally makes sense that you wanted to help your friend. just to clarify , did the pain begin when you lifted the couch	dia37.html#that_totally_makes_sense_that_you_wanted_to_help_your_friend._just_to_clarify_,_did_the_pain_begin_when_you_lifted_the_couch	when did your friend move	dia64.html#when_did_your_friend_move	1	0	9-2	5-2 20-2	
3693:3692	that totally makes sense that you wanted to help your friend. just to clarify , did the pain begin when you lifted the couch	dia37.html#that_totally_makes_sense_that_you_wanted_to_help_your_friend._just_to_clarify_,_did_the_pain_begin_when_you_lifted_the_couch	how long has it been going	dia98.html#how_long_has_it_been_going	1	1		16-3 17-3	
3693:3684	that totally makes sense that you wanted to help your friend. just to clarify , did the pain begin when you lifted the couch	dia37.html#that_totally_makes_sense_that_you_wanted_to_help_your_friend._just_to_clarify_,_did_the_pain_begin_when_you_lifted_the_couch	how long has it been aching	dia88.html#how_long_has_it_been_aching	1	1		16-3 17-3	
3693:3698	that totally makes sense that you wanted to help your friend. just to clarify , did the pain begin when you lifted the couch	dia37.html#that_totally_makes_sense_that_you_wanted_to_help_your_friend._just_to_clarify_,_did_the_pain_begin_when_you_lifted_the_couch	when did the pain start	dia102.html#when_did_the_pain_start	0	1	15-1 16-2 17-3 18-4 19-0		
3693:3719	that totally makes sense that you wanted to help your friend. just to clarify , did the pain begin when you lifted the couch	dia37.html#that_totally_makes_sense_that_you_wanted_to_help_your_friend._just_to_clarify_,_did_the_pain_begin_when_you_lifted_the_couch	when did your pain start	dia48.html#when_did_your_pain_start	0	1	9-2 15-1 17-3 18-4 19-0		
3693:184	that totally makes sense that you wanted to help your friend. just to clarify , did the pain begin when you lifted the couch	dia37.html#that_totally_makes_sense_that_you_wanted_to_help_your_friend._just_to_clarify_,_did_the_pain_begin_when_you_lifted_the_couch	whan did the pain start	whan_did_the_pain_start.html	0	1	15-1 16-2 17-3 18-4 19-0		