3790:3791	do you have any headaches	dia88.html#do_you_have_any_headaches	do you have headaches	dia72.html#do_you_have_headaches	1	1	0-0 1-1 2-2 4-3		
3790:3794	do you have any headaches	dia88.html#do_you_have_any_headaches	headache	dia30.html#headache	1	1	4-0		
3790:3793	do you have any headaches	dia88.html#do_you_have_any_headaches	have you been experieincing runny nose , sore throat , sore ears , headaches	dia26.html#have_you_been_experieincing_runny_nose_,_sore_throat_,_sore_ears_,_headaches	1	1	1-1 4-13	0-0 0-2 0-3 2-0 2-2 2-3	
3790:3091	do you have any headaches	dia88.html#do_you_have_any_headaches	do you have any concerns	dia90.html#do_you_have_any_concerns	0	0	1-1		
3790:3628	do you have any headaches	dia88.html#do_you_have_any_headaches	do you have any other concerns	dia92.html#do_you_have_any_other_concerns	0	0	1-1		
3790:3586	do you have any headaches	dia88.html#do_you_have_any_headaches	do you have any problems urinating	dia88.html#do_you_have_any_problems_urinating	0	0	1-1		