976:972	that 's good !	dia80.html#that_'s_good_!	ok	dia95.html#ok	1	1		2-0	
976:103	that 's good !	dia80.html#that_'s_good_!	i see	i_see.html	1	1		0-0 0-1 1-0 1-1 2-0 2-1	
976:975	that 's good !	dia80.html#that_'s_good_!	alright	dia70.html#alright	1	1		2-0	
976:617	that 's good !	dia80.html#that_'s_good_!	good !	dia80.html#good_!	0	1	2-0 3-1		one is not correctly assigned to headline imo
976:966	that 's good !	dia80.html#that_'s_good_!	sounds good !	dia4.html#sounds_good_!	0	1	2-1 3-2	1-0	
976:626	that 's good !	dia80.html#that_'s_good_!	good	dia13.html#good	0	1	2-0		