1099:1122	is your mother healthy	dia53.html#is_your_mother_healthy	how is your mother	dia97.html#how_is_your_mother	1	1	1-2 2-3	0-0 0-1 3-0 3-1	
1099:1113	is your mother healthy	dia53.html#is_your_mother_healthy	what about parents	dia33.html#what_about_parents	1	1		2-2	
1099:1091	is your mother healthy	dia53.html#is_your_mother_healthy	so both parents are still living	dia71.html#so_both_parents_are_still_living	1	0		2-2	
1099:1137	is your mother healthy	dia53.html#is_your_mother_healthy	is your father healthy	dia59.html#is_your_father_healthy	0	0	0-0 1-1 3-3		
1099:1132	is your mother healthy	dia53.html#is_your_mother_healthy	how is your mothers health	dia47.html#how_is_your_mothers_health	0	1	1-2 2-3 3-4	0-0 0-1 0-4 3-0 3-1	
1099:1138	is your mother healthy	dia53.html#is_your_mother_healthy	how is your mother 's health	dia68.html#how_is_your_mother_'s_health	0	1	1-2 2-3 3-5	0-0 0-1 0-5 3-0 3-1	