1038:1016	are your grandparents healthy	dia59.html#are_your_grandparents_healthy	your grandparents	dia60.html#your_grandparents	1	1	1-0 2-1		
1038:1031	are your grandparents healthy	dia59.html#are_your_grandparents_healthy	ok good. now i will ask you a few questions on your family history if you don 't mind - are your grandparents still alive	dia35.html#ok_good._now_i_will_ask_you_a_few_questions_on_your_family_history_if_you_don_'t_mind_-_are_your_grandparents_still_alive	1	1	0-20 1-21 2-22	3-23 3-24	
1038:1013	are your grandparents healthy	dia59.html#are_your_grandparents_healthy	are your mom 's mom and dad still living	dia24.html#are_your_mom_'s_mom_and_dad_still_living	1	1	0-0 1-1	2-2 2-3 2-4 2-5 2-6 3-7 3-8	
1038:1047	are your grandparents healthy	dia59.html#are_your_grandparents_healthy	were your grandparents healthy	dia74.html#were_your_grandparents_healthy	0	0	0-0 1-1 2-2 3-3		
1038:1050	are your grandparents healthy	dia59.html#are_your_grandparents_healthy	how is your grandparents health	dia30.html#how_is_your_grandparents_health	0	1	1-2 2-3	3-4	
1038:1057	are your grandparents healthy	dia59.html#are_your_grandparents_healthy	grandparents health	dia47.html#grandparents_health	0	0	2-0	3-1	