941:943	are you currently working	dia84.html#are_you_currently_working	are you working	dia45.html#are_you_working	1	1	0-0 1-1 3-2		
941:942	are you currently working	dia84.html#are_you_currently_working	i can see how your injury would affect your work then !	dia36.html#i_can_see_how_your_injury_would_affect_your_work_then_!	1	1		3-9	
941:945	are you currently working	dia84.html#are_you_currently_working	ok good. you mentioned you work at a car parts store ? have you been to work in the past few days	dia82.html#ok_good._you_mentioned_you_work_at_a_car_parts_store_?_have_you_been_to_work_in_the_past_few_days	1	1	1-13	0-12 0-14 0-15 0-16 1-4 2-17 2-18 2-19 2-20 2-21 3-5 3-12 3-14 3-15 3-16	
941:54	are you currently working	dia84.html#are_you_currently_working	are you currently employed	are_you_currently_employed.html	0	0	1-1 2-2		
941:1174	are you currently working	dia84.html#are_you_currently_working	do you work	dia98.html#do_you_work	0	0		3-2	
941:1179	are you currently working	dia84.html#are_you_currently_working	are you employed	dia75.html#are_you_employed	0	0	1-1		