102:1445	do you exercise	do_you_exercise.html	do you work out	dia79.html#do_you_work_out	1	1	0-0 1-1 2-2 2-3		
102:1439	do you exercise	do_you_exercise.html	i 'm sorry to hear you couldn 't enjoy the game ! what about exercise and your diet	dia5.html#i_'m_sorry_to_hear_you_couldn_'t_enjoy_the_game_!_what_about_exercise_and_your_diet	1	1	1-5 2-14		
102:1443	do you exercise	do_you_exercise.html	do you engage in physical activity	dia52.html#do_you_engage_in_physical_activity	1	1	0-0 1-1 2-2 2-3 2-4 2-5		
102:1174	do you exercise	do_you_exercise.html	do you work	dia98.html#do_you_work	0	0	1-1		
102:943	do you exercise	do_you_exercise.html	are you working	dia45.html#are_you_working	0	0	1-1		
102:1172	do you exercise	do_you_exercise.html	what do you do	dia25.html#what_do_you_do	0	0	1-2		