932:897	what have you tried so far	dia93.html#what_have_you_tried_so_far	what makes it better	dia92.html#what_makes_it_better	1	1	0-0	1-1 1-2 1-3 2-1 2-2 2-3 3-1 3-2 3-3	
932:930	what have you tried so far	dia93.html#what_have_you_tried_so_far	does anything seem to provide relief from the pain	dia8.html#does_anything_seem_to_provide_relief_from_the_pain	1	1		0-1 1-4 1-5 3-4 3-5	
932:918	what have you tried so far	dia93.html#what_have_you_tried_so_far	does anything alleviate the pain	dia95.html#does_anything_alleviate_the_pain	1	1		0-1 1-2 3-2	
932:1986	what have you tried so far	dia93.html#what_have_you_tried_so_far	are you stressed	dia11.html#are_you_stressed	0	0	2-1		
932:2071	what have you tried so far	dia93.html#what_have_you_tried_so_far	what have you tried so far for the back pain	dia93.html#what_have_you_tried_so_far_for_the_back_pain	0	1	0-0 1-1 2-2 3-3 4-4 5-5		
932:1885	what have you tried so far	dia93.html#what_have_you_tried_so_far	have you tried ice	dia19.html#have_you_tried_ice	0	0	1-0 2-1 3-2		