3540:3528	of course. you are a good friend	dia76.html#of_course._you_are_a_good_friend	okay thank you	dia59.html#okay_thank_you	1	1		0-1 0-2 1-1 1-2	
3540:3568	of course. you are a good friend	dia76.html#of_course._you_are_a_good_friend	i 'm so sorry to hear that	dia7.html#i_'m_so_sorry_to_hear_that	1	1		0-0 0-1 0-2 0-3 0-4 0-5 0-6 1-0 1-1 1-2 1-3 1-4 1-5 1-6	
3540:3571	of course. you are a good friend	dia76.html#of_course._you_are_a_good_friend	sorry to hear that	dia80.html#sorry_to_hear_that	1	1		0-0 0-1 0-2 0-3 1-0 1-1 1-2 1-3	
3540:3883	of course. you are a good friend	dia76.html#of_course._you_are_a_good_friend	are you safe	dia43.html#are_you_safe	0	0	2-1		
3540:2160	of course. you are a good friend	dia76.html#of_course._you_are_a_good_friend	do you have a girlfriend	dia50.html#do_you_have_a_girlfriend	0	0	2-1		
3540:626	of course. you are a good friend	dia76.html#of_course._you_are_a_good_friend	good	dia13.html#good	0	0	5-0		