1056:1058	let 's talk about your family history. tell me about the health of your grandparents , starting on your father 's side	dia12.html#let_'s_talk_about_your_family_history._tell_me_about_the_health_of_your_grandparents_,_starting_on_your_father_'s_side	how are your grandparents ' health	dia48.html#how_are_your_grandparents_'_health	1	1	11-5 13-2 14-3		
1056:1059	let 's talk about your family history. tell me about the health of your grandparents , starting on your father 's side	dia12.html#let_'s_talk_about_your_family_history._tell_me_about_the_health_of_your_grandparents_,_starting_on_your_father_'s_side	did they have any health conditions	dia17.html#did_they_have_any_health_conditions	1	1	11-4	13-1 14-1	
1056:1066	let 's talk about your family history. tell me about the health of your grandparents , starting on your father 's side	dia12.html#let_'s_talk_about_your_family_history._tell_me_about_the_health_of_your_grandparents_,_starting_on_your_father_'s_side	did they have health problems	dia13.html#did_they_have_health_problems	1	1	11-3	13-1 14-1	
1056:3446	let 's talk about your family history. tell me about the health of your grandparents , starting on your father 's side	dia12.html#let_'s_talk_about_your_family_history._tell_me_about_the_health_of_your_grandparents_,_starting_on_your_father_'s_side	let 's talk about your family	dia95.html#let_'s_talk_about_your_family	0	0	0-0 1-1 2-2 3-3 4-4 5-5		
1056:1109	let 's talk about your family history. tell me about the health of your grandparents , starting on your father 's side	dia12.html#let_'s_talk_about_your_family_history._tell_me_about_the_health_of_your_grandparents_,_starting_on_your_father_'s_side	tell me about the health of your parents	dia12.html#tell_me_about_the_health_of_your_parents	0	0	7-0 8-1 9-2 10-3 11-4 12-5 13-6	19-7	
1056:3425	let 's talk about your family history. tell me about the health of your grandparents , starting on your father 's side	dia12.html#let_'s_talk_about_your_family_history._tell_me_about_the_health_of_your_grandparents_,_starting_on_your_father_'s_side	let 's talk about your family now	dia59.html#let_'s_talk_about_your_family_now	0	0	0-0 1-1 2-2 3-3 4-4 5-5		