2658:2657	so no history of stds then	dia48.html#so_no_history_of_stds_then	do you have any stds	dia7.html#do_you_have_any_stds	1	1	4-4		
2658:2660	so no history of stds then	dia48.html#so_no_history_of_stds_then	ever have any sexually transmitted diseases	dia80.html#ever_have_any_sexually_transmitted_diseases	1	1	4-3 4-4 4-5		
2658:2662	so no history of stds then	dia48.html#so_no_history_of_stds_then	have yo ever had a sexually transmitted infection	dia102.html#have_yo_ever_had_a_sexually_transmitted_infection	1	1	4-5 4-6 4-7	2-2 2-3	
2658:3130	so no history of stds then	dia48.html#so_no_history_of_stds_then	no history of cancer	dia49.html#no_history_of_cancer	0	0	1-0 2-1		
2658:3172	so no history of stds then	dia48.html#so_no_history_of_stds_then	history of other illnesses	dia65.html#history_of_other_illnesses	0	0	2-0	4-3	
2658:3328	so no history of stds then	dia48.html#so_no_history_of_stds_then	family history of illnesses	dia7.html#family_history_of_illnesses	0	0	2-1	4-3	