3280:3282	any trouble peeing	dia33.html#any_trouble_peeing	have you had any trouble passing urine	dia37.html#have_you_had_any_trouble_passing_urine	1	1	0-3 1-4 2-5 2-6		
3280:3279	any trouble peeing	dia33.html#any_trouble_peeing	have you noticed any change in you bladder or bowle habits	dia24.html#have_you_noticed_any_change_in_you_bladder_or_bowle_habits	1	1	0-3 2-7 2-10	1-4 1-5	transcription error
3280:3275	any trouble peeing	dia33.html#any_trouble_peeing	besides having to urinate more frequently , have you had any other problems related to using the bathroom	dia5.html#besides_having_to_urinate_more_frequently_,_have_you_had_any_other_problems_related_to_using_the_bathroom	1	0	0-10	2-3	
3280:3595	any trouble peeing	dia33.html#any_trouble_peeing	any trouble urinating	dia10.html#any_trouble_urinating	0	1	0-0 1-1 2-2		
3280:3585	any trouble peeing	dia33.html#any_trouble_peeing	any problems urinating	dia95.html#any_problems_urinating	0	1	0-0 1-1 2-2		
3280:1873	any trouble peeing	dia33.html#any_trouble_peeing	any pain urinating	dia21.html#any_pain_urinating	0	1	0-0 2-2	1-1	