2527:63	ok. what condition was that prescribed for	dia81.html#ok._what_condition_was_that_prescribed_for	tell me a little bit about why your doctor prescribed baby aspirin	tell_me_a_little_bit_about_why_your_doctor_prescribed_baby_aspirin.html	1	1	3-9 5-9	1-6 2-6 4-10 4-11 6-6	 
2527:2528	ok. what condition was that prescribed for	dia81.html#ok._what_condition_was_that_prescribed_for	why did your doctor prescribe baby aspirin	dia51.html#why_did_your_doctor_prescribe_baby_aspirin	1	1		1-0 2-0 3-4 4-5 4-6 5-4 6-0	 
2527:2526	ok. what condition was that prescribed for	dia81.html#ok._what_condition_was_that_prescribed_for	why did your doctor prescribe you baby asprin	dia81.html#why_did_your_doctor_prescribe_you_baby_asprin	1	1		1-0 2-0 3-4 4-6 4-7 5-4 6-0	 
2527:2822	ok. what condition was that prescribed for	dia81.html#ok._what_condition_was_that_prescribed_for	sore throat	dia57.html#sore_throat	0	0			 
2527:2827	ok. what condition was that prescribed for	dia81.html#ok._what_condition_was_that_prescribed_for	ok. do you have a sore throat	dia23.html#ok._do_you_have_a_sore_throat	0	0	0-0		 
2527:1054	ok. what condition was that prescribed for	dia81.html#ok._what_condition_was_that_prescribed_for	ok. what about your grandparents	dia23.html#ok._what_about_your_grandparents	0	0	0-0 1-1		 