3283:3279	have you noticed any change in urine	dia85.html#have_you_noticed_any_change_in_urine	have you noticed any change in you bladder or bowle habits	dia24.html#have_you_noticed_any_change_in_you_bladder_or_bowle_habits	1	1	0-0 1-1 2-2 3-3 4-4 5-5	6-7 6-10	
3283:3275	have you noticed any change in urine	dia85.html#have_you_noticed_any_change_in_urine	besides having to urinate more frequently , have you had any other problems related to using the bathroom	dia5.html#besides_having_to_urinate_more_frequently_,_have_you_had_any_other_problems_related_to_using_the_bathroom	1	0	0-7 1-8 3-10 6-3	4-12	
3283:3278	have you noticed any change in urine	dia85.html#have_you_noticed_any_change_in_urine	any trouble using the bathroom	dia20.html#any_trouble_using_the_bathroom	1	1	3-0	4-1 5-2 5-3 5-4 6-2 6-3 6-4	
3283:3594	have you noticed any change in urine	dia85.html#have_you_noticed_any_change_in_urine	have you noticed any changes in urination	dia8.html#have_you_noticed_any_changes_in_urination	0	1	0-0 1-1 2-2 3-3 4-4 5-5 6-6		
3283:3604	have you noticed any change in urine	dia85.html#have_you_noticed_any_change_in_urine	any changs in urination	dia77.html#any_changs_in_urination	0	1	3-0 4-1 5-2 6-3		
3283:1496	have you noticed any change in urine	dia85.html#have_you_noticed_any_change_in_urine	have you noticed any rashes	dia79.html#have_you_noticed_any_rashes	0	0	0-0 1-1 2-2 3-3		