2657:2660	do you have any stds	dia7.html#do_you_have_any_stds	ever have any sexually transmitted diseases	dia80.html#ever_have_any_sexually_transmitted_diseases	1	1	3-2 4-3 4-4 4-5	0-0 0-1 2-0 2-1	
2657:2662	do you have any stds	dia7.html#do_you_have_any_stds	have yo ever had a sexually transmitted infection	dia102.html#have_yo_ever_had_a_sexually_transmitted_infection	1	1	1-1 4-5 4-6 4-7	0-0 0-2 0-3 2-0 2-2 2-3 3-2	transcription error
2657:2661	do you have any stds	dia7.html#do_you_have_any_stds	have you ever had a sexually transmitted disease	dia84.html#have_you_ever_had_a_sexually_transmitted_disease	1	1	1-1 4-5 4-6 4-7	0-0 0-2 0-3 2-0 2-2 2-3 3-2	
2657:129	do you have any stds	dia7.html#do_you_have_any_stds	do you have any pets	do_you_have_any_pets.html	0	0	0-0 1-1 2-2 3-3		i can't remember if "have" is really contentful here
2657:1502	do you have any stds	dia7.html#do_you_have_any_stds	do you have any swelling	dia37.html#do_you_have_any_swelling	0	0	0-0 1-1 2-2 3-3		
2657:1273	do you have any stds	dia7.html#do_you_have_any_stds	do you have any nausea	dia92.html#do_you_have_any_nausea	0	0	0-0 1-1 2-2 3-3		