1452:146	what do you do in your free time	dia103.html#what_do_you_do_in_your_free_time	what do you do for fun	what_do_you_do_for_fun.html	1	1	0-0 1-1 2-2 3-3	4-4 4-5 5-4 5-5 6-4 6-5 7-4 7-5	
1452:1446	what do you do in your free time	dia103.html#what_do_you_do_in_your_free_time	what type of activities do you like to do for fun	dia29.html#what_type_of_activities_do_you_like_to_do_for_fun	1	1	0-0 1-4 2-5 3-8	4-9 4-10 5-9 5-10 6-9 6-10 7-9 7-10	
1452:1448	what do you do in your free time	dia103.html#what_do_you_do_in_your_free_time	what activities do you do for fun outside of work	dia32.html#what_activities_do_you_do_for_fun_outside_of_work	1	1	0-0 1-2 2-3 3-4	4-5 4-6 4-7 4-8 4-9 5-5 5-6 5-7 5-8 5-9 6-5 6-6 6-7 6-8 6-9 7-5 7-6 7-7 7-8 7-9	
1452:109	what do you do in your free time	dia103.html#what_do_you_do_in_your_free_time	what do you do in your spare time	what_do_you_do_in_your_spare_time.html	0	1	0-0 1-1 2-2 3-3 4-4 5-5 6-6 7-7		
1452:2567	what do you do in your free time	dia103.html#what_do_you_do_in_your_free_time	what do you do on your free time	dia60.html#what_do_you_do_on_your_free_time	0	1	0-0 1-1 2-2 3-3 4-4 5-5 6-6 7-7		
1452:1172	what do you do in your free time	dia103.html#what_do_you_do_in_your_free_time	what do you do	dia25.html#what_do_you_do	0	0	0-0 1-1 2-2 3-3		