3575:3580	so you injured your back during the move	dia83.html#so_you_injured_your_back_during_the_move	ok to summarize you have lower back pain for about a week and it 's affecting your job	dia62.html#ok_to_summarize_you_have_lower_back_pain_for_about_a_week_and_it_'s_affecting_your_job	1	0	1-3 3-16 4-6	2-7	
3575:1	so you injured your back during the move	dia83.html#so_you_injured_your_back_during_the_move	to quickly summarize	to_quickly_summarize.html	1	0			
3575:3581	so you injured your back during the move	dia83.html#so_you_injured_your_back_during_the_move	you told me it started about 4 to 5 days ago. is that correct	dia98.html#you_told_me_it_started_about_4_to_5_days_ago._is_that_correct	1	0	1-0		
3575:3732	so you injured your back during the move	dia83.html#so_you_injured_your_back_during_the_move	when did you hurt your back	dia80.html#when_did_you_hurt_your_back	0	0	1-2 2-3 3-4 4-5		
3575:2437	so you injured your back during the move	dia83.html#so_you_injured_your_back_during_the_move	what about your back	dia32.html#what_about_your_back	0	0	3-2 4-3		
3575:299	so you injured your back during the move	dia83.html#so_you_injured_your_back_during_the_move	what day did you hurt your back	what_day_did_you_hurt_your_back.html	0	0	1-3 2-4 3-5 4-6		