1047:1043	were your grandparents healthy	dia74.html#were_your_grandparents_healthy	what health problems did your grandparents have	dia31.html#what_health_problems_did_your_grandparents_have	1	1	1-4 2-5	3-1	 
1047:1049	were your grandparents healthy	dia74.html#were_your_grandparents_healthy	i 'm sorry to hear that. how was their health when they were alive	dia35.html#i_'m_sorry_to_hear_that._how_was_their_health_when_they_were_alive	1	1		1-8 2-8 3-9	sentence segmentation error
1047:147	were your grandparents healthy	dia74.html#were_your_grandparents_healthy	how was their health when they were alive	how_was_their_health_when_they_were_alive.html	1	1		1-2 2-2 3-3	 
1047:1038	were your grandparents healthy	dia74.html#were_your_grandparents_healthy	are your grandparents healthy	dia59.html#are_your_grandparents_healthy	0	1	1-1 2-2 3-3	0-0	 
1047:1016	were your grandparents healthy	dia74.html#were_your_grandparents_healthy	your grandparents	dia60.html#your_grandparents	0	0	1-0 2-1		 
1047:1050	were your grandparents healthy	dia74.html#were_your_grandparents_healthy	how is your grandparents health	dia30.html#how_is_your_grandparents_health	0	1	1-2 2-3	3-4	 