3395:3383	wow that sounds terrible , hopefully we can get that problem solved	dia63.html#wow_that_sounds_terrible_,_hopefully_we_can_get_that_problem_solved	we will get to the bottom of it	dia68.html#we_will_get_to_the_bottom_of_it	1	1	6-0	7-1 7-2 7-3 7-4 7-5 7-6 8-1 8-2 8-3 8-4 8-5 8-6 9-7 10-7 11-1 11-2 11-3 11-4 11-5 11-6	
3395:3374	wow that sounds terrible , hopefully we can get that problem solved	dia63.html#wow_that_sounds_terrible_,_hopefully_we_can_get_that_problem_solved	ok well it seems i have all i need i 'll go outside and talk to the doctor and we 'll be back in	dia33.html#ok_well_it_seems_i_have_all_i_need_i_'ll_go_outside_and_talk_to_the_doctor_and_we_'ll_be_back_in	1	1		6-4 6-7 6-9 6-19 8-14 8-15 8-16 8-17 9-14 9-15 9-16 9-17 10-14 10-15 10-16 10-17 11-14 11-15 11-16 11-17	
3395:3373	wow that sounds terrible , hopefully we can get that problem solved	dia63.html#wow_that_sounds_terrible_,_hopefully_we_can_get_that_problem_solved	great well thank you. i will be back in with the doctor	dia103.html#great_well_thank_you._i_will_be_back_in_with_the_doctor	1	1		6-4	
3395:75	wow that sounds terrible , hopefully we can get that problem solved	dia63.html#wow_that_sounds_terrible_,_hopefully_we_can_get_that_problem_solved	that sounds awful	that_sounds_awful.html	0	0	1-0 2-1 3-2		
3395:3559	wow that sounds terrible , hopefully we can get that problem solved	dia63.html#wow_that_sounds_terrible_,_hopefully_we_can_get_that_problem_solved	hopefully we can make you feel better mr.wilkins	dia70.html#hopefully_we_can_make_you_feel_better_mr.wilkins	0	0	5-0 6-1 7-2	8-3 8-4 8-5 8-6 9-3 9-4 9-5 9-6 10-3 10-4 10-5 10-6 11-3 11-4 11-5 11-6	
3395:3554	wow that sounds terrible , hopefully we can get that problem solved	dia63.html#wow_that_sounds_terrible_,_hopefully_we_can_get_that_problem_solved	i understand. hopefully we can get that taken care of	dia48.html#i_understand._hopefully_we_can_get_that_taken_care_of	0	0	5-2 6-3 7-4 8-5 9-6	10-7 10-8 10-9 11-7 11-8 11-9	