3144:3147	any cardiac problems	dia8.html#any_cardiac_problems	any cardiovascular problems	dia9.html#any_cardiovascular_problems	1	1	0-0 1-1 2-2		
3144:3173	any cardiac problems	dia8.html#any_cardiac_problems	haev you ever had a serious illness	dia68.html#haev_you_ever_had_a_serious_illness	1	0		0-2 1-5 1-6 2-5 2-6	transcription error
3144:3139	any cardiac problems	dia8.html#any_cardiac_problems	how about other health concerns	dia28.html#how_about_other_health_concerns	1	0		1-3 1-4 2-3 2-4	
3144:3025	any cardiac problems	dia8.html#any_cardiac_problems	any heart problems	dia102.html#any_heart_problems	0	1	0-0 1-1 2-2		
3144:3026	any cardiac problems	dia8.html#any_cardiac_problems	any heart issues	dia21.html#any_heart_issues	0	1	0-0 1-1 2-2		
3144:3030	any cardiac problems	dia8.html#any_cardiac_problems	do you have any heart problems	dia51.html#do_you_have_any_heart_problems	0	1	0-3 1-4 2-5		