2646:2652	loss of sensation	dia65.html#loss_of_sensation	do you feel numb anywhere	dia92.html#do_you_feel_numb_anywhere	1	1		0-3 1-3 2-3	 
2646:2640	loss of sensation	dia65.html#loss_of_sensation	do you notice tingling anywhere else in your arm or other fingers	dia40.html#do_you_notice_tingling_anywhere_else_in_your_arm_or_other_fingers	1	1		0-3 1-3 2-3	 
2646:2639	loss of sensation	dia65.html#loss_of_sensation	numbness or tingling	dia30.html#numbness_or_tingling	1	1		0-0 0-1 0-2 1-0 1-1 1-2 2-0 2-1 2-2	 
2646:2961	loss of sensation	dia65.html#loss_of_sensation	loss of hearing	dia65.html#loss_of_hearing	0	0	0-0 1-1		 
2646:2960	loss of sensation	dia65.html#loss_of_sensation	loss of smell	dia65.html#loss_of_smell	0	0	0-0 1-1		 
2646:2854	loss of sensation	dia65.html#loss_of_sensation	weight loss	dia92.html#weight_loss	0	0	0-1		 