3832:3833	how is your work	dia11.html#how_is_your_work	how is work	dia66.html#how_is_work	1	1	0-0 1-1 3-2		
3832:3830	how is your work	dia11.html#how_is_your_work	i agree with you mr. wilkins ! do you like your job as an auto mechanic	dia69.html#i_agree_with_you_mr._wilkins_!_do_you_like_your_job_as_an_auto_mechanic	1	1	2-10 3-11	0-7 0-8 0-9 1-7 1-8 1-9	
3832:3822	how is your work	dia11.html#how_is_your_work	good deal. do you enjoy work	dia35.html#good_deal._do_you_enjoy_work	1	1	1-2 3-5	0-4 2-3	
3832:1190	how is your work	dia11.html#how_is_your_work	what is your work	dia79.html#what_is_your_work	0	0	1-1 2-2 3-3		
3832:1442	how is your work	dia11.html#how_is_your_work	how do you exercise	dia48.html#how_do_you_exercise	0	0		2-2	
3832:1178	how is your work	dia11.html#how_is_your_work	what is your job	dia43.html#what_is_your_job	0	0		2-2	