851:853	any idea what it might be	dia90.html#any_idea_what_it_might_be	well we will try to get you feeling better soon. do you have any idea what exactly is wrong	dia3.html#well_we_will_try_to_get_you_feeling_better_soon._do_you_have_any_idea_what_exactly_is_wrong	1	1	0-13 1-14 2-15	3-17 3-18 4-17 4-18 5-17 5-18	
851:852	any idea what it might be	dia90.html#any_idea_what_it_might_be	what is wrong with your back	dia99.html#what_is_wrong_with_your_back	1	1	2-0	3-1 3-2 4-1 4-2 5-1 5-2	
851:161	any idea what it might be	dia90.html#any_idea_what_it_might_be	what 's wrong with your back	what_'s_wrong_with_your_back.html	1	1	2-0	3-1 3-2 4-1 4-2 5-1 5-2	
851:1699	any idea what it might be	dia90.html#any_idea_what_it_might_be	any surgeries ites	dia90.html#any_surgeries_ites	0	0			
851:2879	any idea what it might be	dia90.html#any_idea_what_it_might_be	any sore throat	dia84.html#any_sore_throat	0	0			
851:1569	any idea what it might be	dia90.html#any_idea_what_it_might_be	are you on any medication	dia50.html#are_you_on_any_medication	0	0			