3270:3269	anyone else have this problem	dia33.html#anyone_else_have_this_problem	anythng else beside the more frequent urination	dia66.html#anythng_else_beside_the_more_frequent_urination	1	0	1-1		transcription error
3270:3265	anyone else have this problem	dia33.html#anyone_else_have_this_problem	was your back affected in those car accidents	dia56.html#was_your_back_affected_in_those_car_accidents	1	0			
3270:3267	anyone else have this problem	dia33.html#anyone_else_have_this_problem	you said you need to urinate a little more frequently. is there anything else that you 've noticed that might go along with the back pain	dia73.html#you_said_you_need_to_urinate_a_little_more_frequently._is_there_anything_else_that_you_'ve_noticed_that_might_go_along_with_the_back_pain	1	0	1-13		
3270:3798	anyone else have this problem	dia33.html#anyone_else_have_this_problem	any headache	dia80.html#any_headache	0	0			
3270:1342	anyone else have this problem	dia33.html#anyone_else_have_this_problem	any prescriptions	dia60.html#any_prescriptions	0	0	0-0		
3270:1832	anyone else have this problem	dia33.html#anyone_else_have_this_problem	have you seen any one else regarding this problem	dia60.html#have_you_seen_any_one_else_regarding_this_problem	0	0	0-3 0-4 1-5 3-7 4-8		