1138:1132	how is your mother 's health	dia68.html#how_is_your_mother_'s_health	how is your mothers health	dia47.html#how_is_your_mothers_health	1	1	0-0 1-1 2-2 3-3 4-3 5-4		
1138:1126	how is your mother 's health	dia68.html#how_is_your_mother_'s_health	isyour mom in good health now	dia8.html#isyour_mom_in_good_health_now	1	1	2-0 3-1 5-4	1-0	
1138:1127	how is your mother 's health	dia68.html#how_is_your_mother_'s_health	ok. we 'll move on then. are your parents healthy	dia23.html#ok._we_'ll_move_on_then._are_your_parents_healthy	1	1	2-7	1-6 3-8 5-9	
1138:1097	how is your mother 's health	dia68.html#how_is_your_mother_'s_health	how is your parent 's health	dia28.html#how_is_your_parent_'s_health	0	1	0-0 1-1 2-2 3-3 4-4 5-5		
1138:1122	how is your mother 's health	dia68.html#how_is_your_mother_'s_health	how is your mother	dia97.html#how_is_your_mother	0	1	0-0 1-1 2-2 3-3		
1138:1334	how is your mother 's health	dia68.html#how_is_your_mother_'s_health	how is your health	dia74.html#how_is_your_health	0	0	0-0 1-1 2-2 5-3		