3411:3491	i hope so too. thank you for coming in , and i 'll be back very soon	dia97.html#i_hope_so_too._thank_you_for_coming_in_,_and_i_'ll_be_back_very_soon	thank you for your time mr. wilkins. i will go talk with the doctor and we would come back and ask you further questions	dia70.html#thank_you_for_your_time_mr._wilkins._i_will_go_talk_with_the_doctor_and_we_would_come_back_and_ask_you_further_questions	1	1	4-0 5-1 6-2 10-14 14-18	0-7 7-3 7-4 8-3 8-4 11-15 12-16 13-17	sentence segmentation error
3411:3425	i hope so too. thank you for coming in , and i 'll be back very soon	dia97.html#i_hope_so_too._thank_you_for_coming_in_,_and_i_'ll_be_back_very_soon	let 's talk about your family now	dia59.html#let_'s_talk_about_your_family_now	1	0			
3411:3446	i hope so too. thank you for coming in , and i 'll be back very soon	dia97.html#i_hope_so_too._thank_you_for_coming_in_,_and_i_'ll_be_back_very_soon	let 's talk about your family	dia95.html#let_'s_talk_about_your_family	1	0			
3411:599	i hope so too. thank you for coming in , and i 'll be back very soon	dia97.html#i_hope_so_too._thank_you_for_coming_in_,_and_i_'ll_be_back_very_soon	thank you for coming in today	dia84.html#thank_you_for_coming_in_today	0	1	4-0 5-1 6-2 7-3 8-4		
3411:595	i hope so too. thank you for coming in , and i 'll be back very soon	dia97.html#i_hope_so_too._thank_you_for_coming_in_,_and_i_'ll_be_back_very_soon	thank you mr. wilkins , i 'll be right back	dia42.html#thank_you_mr._wilkins_,_i_'ll_be_right_back	0	1	4-0 5-1 9-4 11-5 12-6 13-7 14-9	15-8 16-8	
3411:230	i hope so too. thank you for coming in , and i 'll be back very soon	dia97.html#i_hope_so_too._thank_you_for_coming_in_,_and_i_'ll_be_back_very_soon	thank you	thank_you.html	0	0	4-0 5-1		