668:669	okay , how did it start	dia42.html#okay_,_how_did_it_start	do you know how it started	dia79.html#do_you_know_how_it_started	1	1	2-3 4-4	3-5 5-5	
668:666	okay , how did it start	dia42.html#okay_,_how_did_it_start	i 'm sorry to hear that. can you tell me how your pain began	dia17.html#i_'m_sorry_to_hear_that._can_you_tell_me_how_your_pain_began	1	1	2-10	3-13 4-11 4-12 5-13	
668:667	okay , how did it start	dia42.html#okay_,_how_did_it_start	can you tell me a little more about how your back pain began	dia22.html#can_you_tell_me_a_little_more_about_how_your_back_pain_began	1	1	2-8	3-12 4-9 4-10 4-11 5-12	
668:3709	okay , how did it start	dia42.html#okay_,_how_did_it_start	okay , when did it start	dia31.html#okay_,_when_did_it_start	0	0	0-0 1-1 3-3 4-4 5-5		
668:3726	okay , how did it start	dia42.html#okay_,_how_did_it_start	okay , and when did it start	dia68.html#okay_,_and_when_did_it_start	0	0	0-0 1-1 3-4 4-5 5-6		
668:124	okay , how did it start	dia42.html#okay_,_how_did_it_start	when did it start	when_did_it_start.html	0	0	3-1 4-2 5-3		