285:3134	any other tobacco products	any_other_tobacco_products.html	good , it 's much healthier not to smoke. any other forms of tobacco	dia69.html#good_,_it_'s_much_healthier_not_to_smoke._any_other_forms_of_tobacco	1	1	0-9 1-10 2-13	3-11 3-12	
285:3131	any other tobacco products	any_other_tobacco_products.html	have you ever had cancer	dia51.html#have_you_ever_had_cancer	1	0			
285:3132	any other tobacco products	any_other_tobacco_products.html	do you have a history of cancer	dia68.html#do_you_have_a_history_of_cancer	1	0			
285:3212	any other tobacco products	any_other_tobacco_products.html	have you tried any other tobacco products	dia95.html#have_you_tried_any_other_tobacco_products	0	1	0-3 1-4 2-5 3-6		
285:358	any other tobacco products	any_other_tobacco_products.html	tobacco	dia65.html#tobacco	0	1	2-0		
285:359	any other tobacco products	any_other_tobacco_products.html	are using any nicotine products	dia98.html#are_using_any_nicotine_products	0	1	0-2 3-4	2-3	