2154:2160	do you have a wife	dia32.html#do_you_have_a_wife	do you have a girlfriend	dia50.html#do_you_have_a_girlfriend	1	1	0-0 1-1 2-2 3-3	4-4	
2154:2163	do you have a wife	dia32.html#do_you_have_a_wife	i 'm sorry to pry , but are you in a relationship right now	dia37.html#i_'m_sorry_to_pry_,_but_are_you_in_a_relationship_right_now	1	1	1-8	0-7 0-9 0-10 0-11 2-7 2-9 2-10 2-11 3-7 3-9 3-10 3-11 4-7 4-9 4-10 4-11	
2154:2168	do you have a wife	dia32.html#do_you_have_a_wife	and are you currently seeing anyone	dia8.html#and_are_you_currently_seeing_anyone	1	1	1-2	0-1 0-3 0-4 0-5 2-1 2-3 2-4 2-5 3-1 3-3 3-4 3-5 4-1 4-3 4-4 4-5	
2154:2204	do you have a wife	dia32.html#do_you_have_a_wife	do you have a spouse	dia32.html#do_you_have_a_spouse	0	1	0-0 1-1 2-2 3-3 4-4		Are they REALLY different?
2154:2241	do you have a wife	dia32.html#do_you_have_a_wife	do you take a vitamin	dia76.html#do_you_take_a_vitamin	0	0	1-1		
2154:290	do you have a wife	dia32.html#do_you_have_a_wife	do you run	do_you_run.html	0	0	1-1		