153:2143	any other medications	any_other_medications.html	great idea. any other medications	dia69.html#great_idea._any_other_medications	1	1	0-2 1-3 2-4		segmentation error
153:3606	any other medications	any_other_medications.html	have you had a change in frequency with urination	dia93.html#have_you_had_a_change_in_frequency_with_urination	1	0			
153:3587	any other medications	any_other_medications.html	are you urinating normally	dia74.html#are_you_urinating_normally	1	0			
153:1364	any other medications	any_other_medications.html	any other medicine	dia7.html#any_other_medicine	0	1	0-0 1-1 2-2		
153:1338	any other medications	any_other_medications.html	any other medicines	dia23.html#any_other_medicines	0	1	0-0 1-1 2-2		
153:1567	any other medications	any_other_medications.html	any medications	dia44.html#any_medications	0	1	0-0 2-1		