1319:1315	how old were your grandparents	dia32.html#how_old_were_your_grandparents	how old were your grandparents when they passed	dia13.html#how_old_were_your_grandparents_when_they_passed	1	1	0-0 1-1 2-2 3-3 4-4		
1319:1312	how old were your grandparents	dia32.html#how_old_were_your_grandparents	what was the cause of death	dia70.html#what_was_the_cause_of_death	1	0			
1319:1282	how old were your grandparents	dia32.html#how_old_were_your_grandparents	at what age did they die	dia53.html#at_what_age_did_they_die	1	1		0-0 0-1 0-2 1-0 1-1 1-2 3-4 4-4	
1319:1012	how old were your grandparents	dia32.html#how_old_were_your_grandparents	how old are your grandparents	dia32.html#how_old_are_your_grandparents	0	0	0-0 1-1 2-2 3-3 4-4		
1319:1040	how old were your grandparents	dia32.html#how_old_were_your_grandparents	how are your grandparents	dia97.html#how_are_your_grandparents	0	0	0-0 2-1 3-2 4-3		
1319:270	how old were your grandparents	dia32.html#how_old_were_your_grandparents	how old are you	how_old_are_you.html	0	0	0-0 1-1 2-2	3-3	