2036:2035	good. do you know the dose	dia35.html#good._do_you_know_the_dose	how much do you take per day	dia1.html#how_much_do_you_take_per_day	1	1	2-3	4-0 4-1 4-4 5-0 5-1 5-4	sentence segmentation error, ugliness
2036:2037	good. do you know the dose	dia35.html#good._do_you_know_the_dose	and how much baby aspirin are you taking	dia59.html#and_how_much_baby_aspirin_are_you_taking	1	1	2-6	4-1 4-2 4-7 5-1 5-2 5-7	more ugliness
2036:225	good. do you know the dose	dia35.html#good._do_you_know_the_dose	how much baby aspirin are you taking	how_much_baby_aspirin_are_you_taking.html	1	1	2-5	4-0 4-1 4-6 5-0 5-1 5-6	 
2036:2176	good. do you know the dose	dia35.html#good._do_you_know_the_dose	do you know the dosage of the ibuprofen	dia95.html#do_you_know_the_dosage_of_the_ibuprofen	0	1	1-0 2-1 3-2 4-3 5-4		 
2036:1948	good. do you know the dose	dia35.html#good._do_you_know_the_dose	who do you live with	dia93.html#who_do_you_live_with	0	0	2-2		 
2036:56	good. do you know the dose	dia35.html#good._do_you_know_the_dose	do you live alone	do_you_live_alone.html	0	0	2-1		 