1188:1172	what work do you do	dia74.html#what_work_do_you_do	what do you do	dia25.html#what_do_you_do	1	1	2-1 3-2 4-3	0-0 1-0	
1188:1197	what work do you do	dia74.html#what_work_do_you_do	ok. that 's fine. let 's talk about your occupation	dia95.html#ok._that_'s_fine._let_'s_talk_about_your_occupation	1	1		1-9 3-8	
1188:1184	what work do you do	dia74.html#what_work_do_you_do	don 't be embarassed , i 'm sure she was happy to help ! were you working on yor own car or was this part of your job	dia69.html#don_'t_be_embarassed_,_i_'m_sure_she_was_happy_to_help_!_were_you_working_on_yor_own_car_or_was_this_part_of_your_job	1	1		1-27 3-26	
1188:2574	what work do you do	dia74.html#what_work_do_you_do	what activities do you do	dia88.html#what_activities_do_you_do	0	0	3-3		
1188:102	what work do you do	dia74.html#what_work_do_you_do	do you exercise	do_you_exercise.html	0	0	3-1		
1188:2568	what work do you do	dia74.html#what_work_do_you_do	what do you do after work	dia64.html#what_do_you_do_after_work	0	0	1-5 3-2		