3265:3268	was your back affected in those car accidents	dia56.html#was_your_back_affected_in_those_car_accidents	after the car accidients , you didn 't have any pain in your back or neck	dia73.html#after_the_car_accidients_,_you_didn_'t_have_any_pain_in_your_back_or_neck	1	1	1-12 2-13 6-2 7-3	3-10 5-1	
3265:3269	was your back affected in those car accidents	dia56.html#was_your_back_affected_in_those_car_accidents	anythng else beside the more frequent urination	dia66.html#anythng_else_beside_the_more_frequent_urination	1	0			
3265:8	was your back affected in those car accidents	dia56.html#was_your_back_affected_in_those_car_accidents	does anything make the urge to urinate better	does_anything_make_the_urge_to_urinate_better.html	1	0			
3265:205	was your back affected in those car accidents	dia56.html#was_your_back_affected_in_those_car_accidents	when was your car accident	when_was_your_car_accident.html	0	0	1-2 6-3 7-4		
3265:2547	was your back affected in those car accidents	dia56.html#was_your_back_affected_in_those_car_accidents	who is your support	dia55.html#who_is_your_support	0	0	1-2		
3265:528	was your back affected in those car accidents	dia56.html#was_your_back_affected_in_those_car_accidents	how is your back	dia32.html#how_is_your_back	0	0	1-2 2-3		