2414:299	when did you help your friend move	dia22.html#when_did_you_help_your_friend_move	what day did you hurt your back	what_day_did_you_hurt_your_back.html	1	1	0-0 0-1 2-3 4-5		
2414:2413	when did you help your friend move	dia22.html#when_did_you_help_your_friend_move	okay. how many days ago did this happen	dia24.html#okay._how_many_days_ago_did_this_happen	1	1	0-1 0-2 0-3 0-4 1-5	2-6 2-7 3-6 3-7 4-6 4-7 5-6 5-7 6-6 6-7	
2414:2415	when did you help your friend move	dia22.html#when_did_you_help_your_friend_move	ok , and when did this incident happen	dia63.html#ok_,_and_when_did_this_incident_happen	1	1	0-3 1-4	2-5 2-6 2-7 3-5 3-6 3-7 4-5 4-6 4-7 5-5 5-6 5-7 6-5 6-6 6-7	
2414:3689	when did you help your friend move	dia22.html#when_did_you_help_your_friend_move	when did your friend move	dia64.html#when_did_your_friend_move	0	1	0-0 1-1 4-2 5-3 6-4		
2414:1069	when did you help your friend move	dia22.html#when_did_you_help_your_friend_move	how long ago did you help your friend move	dia21.html#how_long_ago_did_you_help_your_friend_move	0	0	0-0 0-1 0-2 1-3 2-4 3-5 4-6 5-7 6-8		
2414:290	when did you help your friend move	dia22.html#when_did_you_help_your_friend_move	do you run	do_you_run.html	0	0	2-1		