2437:2500	what about your back	dia32.html#what_about_your_back	tell me more about your back	dia47.html#tell_me_more_about_your_back	1	1	1-3 2-4 3-5		
2437:2483	what about your back	dia32.html#what_about_your_back	tell me more	dia68.html#tell_me_more	1	1			meh
2437:2504	what about your back	dia32.html#what_about_your_back	can you tell me more	dia56.html#can_you_tell_me_more	1	1			again meh
2437:2732	what about your back	dia32.html#what_about_your_back	what about your legs	dia68.html#what_about_your_legs	0	0	0-0 1-1 2-2		
2437:852	what about your back	dia32.html#what_about_your_back	what is wrong with your back	dia99.html#what_is_wrong_with_your_back	0	1	0-0 2-4 3-5	1-1 1-2 1-3	
2437:297	what about your back	dia32.html#what_about_your_back	what about your grandparents	what_about_your_grandparents.html	0	0	0-0 1-1 2-2		