933:932	have you tried using any over the counter pain medications like ibuprofen	dia26.html#have_you_tried_using_any_over_the_counter_pain_medications_like_ibuprofen	what have you tried so far	dia93.html#what_have_you_tried_so_far	1	1	0-1 1-2 2-3	4-0 5-0 6-0 7-0 8-0 9-0	
933:905	have you tried using any over the counter pain medications like ibuprofen	dia26.html#have_you_tried_using_any_over_the_counter_pain_medications_like_ibuprofen	what helps	dia44.html#what_helps	1	1		0-1 1-1 2-1 4-0 5-0 6-0 7-0 8-0 9-0	
933:926	have you tried using any over the counter pain medications like ibuprofen	dia26.html#have_you_tried_using_any_over_the_counter_pain_medications_like_ibuprofen	is there anything that makes it feel better or worse	dia39.html#is_there_anything_that_makes_it_feel_better_or_worse	1	1		0-3 0-4 0-5 0-6 0-7 0-8 0-9 1-3 1-4 1-5 1-6 1-7 1-8 1-9 2-3 2-4 2-5 2-6 2-7 2-8 2-9 4-2 5-2 6-2 7-2 8-2 9-2	
933:138	have you tried using any over the counter pain medications like ibuprofen	dia26.html#have_you_tried_using_any_over_the_counter_pain_medications_like_ibuprofen	any over the counter medications	any_over_the_counter_medications.html	0	1	4-0 5-1 6-2 7-3 9-4		
933:1540	have you tried using any over the counter pain medications like ibuprofen	dia26.html#have_you_tried_using_any_over_the_counter_pain_medications_like_ibuprofen	any over the counter pain meds	dia20.html#any_over_the_counter_pain_meds	0	1	4-0 5-1 6-2 7-3 8-4 9-5		
933:1527	have you tried using any over the counter pain medications like ibuprofen	dia26.html#have_you_tried_using_any_over_the_counter_pain_medications_like_ibuprofen	have you tried taking any medications for the pain	dia22.html#have_you_tried_taking_any_medications_for_the_pain	0	1	0-0 1-1 2-2 4-4 8-8 9-5		