3267:8	you said you need to urinate a little more frequently. is there anything else that you 've noticed that might go along with the back pain	dia73.html#you_said_you_need_to_urinate_a_little_more_frequently._is_there_anything_else_that_you_'ve_noticed_that_might_go_along_with_the_back_pain	does anything make the urge to urinate better	does_anything_make_the_urge_to_urinate_better.html	1	0	4-5 5-6		
3267:3270	you said you need to urinate a little more frequently. is there anything else that you 've noticed that might go along with the back pain	dia73.html#you_said_you_need_to_urinate_a_little_more_frequently._is_there_anything_else_that_you_'ve_noticed_that_might_go_along_with_the_back_pain	anyone else have this problem	dia33.html#anyone_else_have_this_problem	1	0			
3267:3265	you said you need to urinate a little more frequently. is there anything else that you 've noticed that might go along with the back pain	dia73.html#you_said_you_need_to_urinate_a_little_more_frequently._is_there_anything_else_that_you_'ve_noticed_that_might_go_along_with_the_back_pain	was your back affected in those car accidents	dia56.html#was_your_back_affected_in_those_car_accidents	1	1	24-2	2-1	
3267:3204	you said you need to urinate a little more frequently. is there anything else that you 've noticed that might go along with the back pain	dia73.html#you_said_you_need_to_urinate_a_little_more_frequently._is_there_anything_else_that_you_'ve_noticed_that_might_go_along_with_the_back_pain	is there anything else you need	dia85.html#is_there_anything_else_you_need	0	0	2-4 3-5 10-0 11-1 12-2 13-3		
3267:898	you said you need to urinate a little more frequently. is there anything else that you 've noticed that might go along with the back pain	dia73.html#you_said_you_need_to_urinate_a_little_more_frequently._is_there_anything_else_that_you_'ve_noticed_that_might_go_along_with_the_back_pain	is there anything that helps with the back pain	dia21.html#is_there_anything_that_helps_with_the_back_pain	0	0	10-0 11-1 12-2 22-5 23-6 24-7 25-8		
3267:3636	you said you need to urinate a little more frequently. is there anything else that you 've noticed that might go along with the back pain	dia73.html#you_said_you_need_to_urinate_a_little_more_frequently._is_there_anything_else_that_you_'ve_noticed_that_might_go_along_with_the_back_pain	is there anything else bothering you	dia64.html#is_there_anything_else_bothering_you	0	0	0-5 10-0 11-1 12-2 13-3	25-4	