49:265	what do you do for work	what_do_you_do_for_work.html	where do you work	where_do_you_work.html	1	1	2-2 5-3		
49:587	what do you do for work	what_do_you_do_for_work.html	i am sorry to hear that. where do you work	dia103.html#i_am_sorry_to_hear_that._where_do_you_work	1	1	2-8 5-9		sentence segmentation error
49:586	what do you do for work	what_do_you_do_for_work.html	i understand that must be difficult. where do you work	dia2.html#i_understand_that_must_be_difficult._where_do_you_work	1	1	2-8 5-9		
49:1435	what do you do for work	what_do_you_do_for_work.html	what do you do for exercise	dia26.html#what_do_you_do_for_exercise	0	0	0-0 2-2		
49:1191	what do you do for work	what_do_you_do_for_work.html	and what do you do for work	dia80.html#and_what_do_you_do_for_work	0	1	0-1 1-2 2-3 3-4 4-5 5-6		
49:1172	what do you do for work	what_do_you_do_for_work.html	what do you do	dia25.html#what_do_you_do	0	1	0-0 1-1 2-2 3-3 4-3 5-3		