1430:1434	i 'm so sorry to hear that. have you noticed any other associated symptoms	dia9.html#i_'m_so_sorry_to_hear_that._have_you_noticed_any_other_associated_symptoms	do you have any other unusual symptoms	dia86.html#do_you_have_any_other_unusual_symptoms	1	1	8-1 10-3 11-4 13-6		
1430:1433	i 'm so sorry to hear that. have you noticed any other associated symptoms	dia9.html#i_'m_so_sorry_to_hear_that._have_you_noticed_any_other_associated_symptoms	then i could see how this pain would be especially challenging. do you have any other concerns abut the pain	dia71.html#then_i_could_see_how_this_pain_would_be_especially_challenging._do_you_have_any_other_concerns_abut_the_pain	1	1	0-1 8-12 10-14 11-15	12-17 12-18 12-19 13-16	
1430:115	i 'm so sorry to hear that. have you noticed any other associated symptoms	dia9.html#i_'m_so_sorry_to_hear_that._have_you_noticed_any_other_associated_symptoms	have you thought of anything else to do	have_you_thought_of_anything_else_to_do.html	1	0	8-1		
1430:3568	i 'm so sorry to hear that. have you noticed any other associated symptoms	dia9.html#i_'m_so_sorry_to_hear_that._have_you_noticed_any_other_associated_symptoms	i 'm so sorry to hear that	dia7.html#i_'m_so_sorry_to_hear_that	0	0	0-0 1-1 2-2 3-3 4-4 5-5 6-6		
1430:3621	i 'm so sorry to hear that. have you noticed any other associated symptoms	dia9.html#i_'m_so_sorry_to_hear_that._have_you_noticed_any_other_associated_symptoms	have you noticed any other symptoms	dia14.html#have_you_noticed_any_other_symptoms	0	1	7-0 8-1 9-2 10-3 11-4 13-5		
1430:3631	i 'm so sorry to hear that. have you noticed any other associated symptoms	dia9.html#i_'m_so_sorry_to_hear_that._have_you_noticed_any_other_associated_symptoms	any other associated symptoms	dia43.html#any_other_associated_symptoms	0	0	10-0 11-1 12-2 13-3		