523:526	on the sacle of 1 to 10 can you tell me how much it hurts	dia98.html#on_the_sacle_of_1_to_10_can_you_tell_me_how_much_it_hurts	how much does it hurt	dia50.html#how_much_does_it_hurt	1	0	11-0 12-1	13-3 14-2 14-4	
523:529	on the sacle of 1 to 10 can you tell me how much it hurts	dia98.html#on_the_sacle_of_1_to_10_can_you_tell_me_how_much_it_hurts	does your back hurt	dia32.html#does_your_back_hurt	1	0		13-1 13-2 14-0 14-3	
523:530	on the sacle of 1 to 10 can you tell me how much it hurts	dia98.html#on_the_sacle_of_1_to_10_can_you_tell_me_how_much_it_hurts	what is the severity of your pain	dia59.html#what_is_the_severity_of_your_pain	1	0		11-3 12-3 13-5 13-6 14-3	
523:732	on the sacle of 1 to 10 can you tell me how much it hurts	dia98.html#on_the_sacle_of_1_to_10_can_you_tell_me_how_much_it_hurts	on scale 1 to 10 can you tell me how much it hurts	dia98.html#on_scale_1_to_10_can_you_tell_me_how_much_it_hurts	0	1	0-0 2-1 4-2 5-3 6-4 7-5 8-6 9-7 10-8 11-9 12-10 13-11 14-12		
523:2504	on the sacle of 1 to 10 can you tell me how much it hurts	dia98.html#on_the_sacle_of_1_to_10_can_you_tell_me_how_much_it_hurts	can you tell me more	dia56.html#can_you_tell_me_more	0	0	7-0 8-1 9-2 10-3		
523:2462	on the sacle of 1 to 10 can you tell me how much it hurts	dia98.html#on_the_sacle_of_1_to_10_can_you_tell_me_how_much_it_hurts	can you tell me more about it	dia98.html#can_you_tell_me_more_about_it	0	0	7-0 8-1 9-2 10-3	13-6	