3269:3270	anythng else beside the more frequent urination	dia66.html#anythng_else_beside_the_more_frequent_urination	anyone else have this problem	dia33.html#anyone_else_have_this_problem	1	0	1-1		transcription error
3269:3265	anythng else beside the more frequent urination	dia66.html#anythng_else_beside_the_more_frequent_urination	was your back affected in those car accidents	dia56.html#was_your_back_affected_in_those_car_accidents	1	0			 
3269:3268	anythng else beside the more frequent urination	dia66.html#anythng_else_beside_the_more_frequent_urination	after the car accidients , you didn 't have any pain in your back or neck	dia73.html#after_the_car_accidients_,_you_didn_'t_have_any_pain_in_your_back_or_neck	1	0			 
3269:3773	anythng else beside the more frequent urination	dia66.html#anythng_else_beside_the_more_frequent_urination	more frequent urination	dia17.html#more_frequent_urination	0	0	4-0 5-1 6-2		 
3269:3592	anythng else beside the more frequent urination	dia66.html#anythng_else_beside_the_more_frequent_urination	urination	dia65.html#urination	0	0	6-0		 
3269:3774	anythng else beside the more frequent urination	dia66.html#anythng_else_beside_the_more_frequent_urination	have you had any frequent urination	dia28.html#have_you_had_any_frequent_urination	0	0	5-4 6-5		 