70:3517	okay , thank you. i will look over this information and see what i can come up witth	okay_,_thank_you._i_will_look_over_this_information_and_see_what_i_can_come_up_witth.html	okay let 's do a physical exam	dia80.html#okay_let_'s_do_a_physical_exam	1	0	0-0		 
70:3518	okay , thank you. i will look over this information and see what i can come up witth	okay_,_thank_you._i_will_look_over_this_information_and_see_what_i_can_come_up_witth.html	ok. let 's prepare for your physical exam	dia95.html#ok._let_'s_prepare_for_your_physical_exam	1	0	0-0		segmentation error
70:3519	okay , thank you. i will look over this information and see what i can come up witth	okay_,_thank_you._i_will_look_over_this_information_and_see_what_i_can_come_up_witth.html	now we will perform a physical exam	dia101.html#now_we_will_perform_a_physical_exam	1	0			 
70:3377	okay , thank you. i will look over this information and see what i can come up witth	okay_,_thank_you._i_will_look_over_this_information_and_see_what_i_can_come_up_witth.html	ok , thank you. i will meet with the doctor and get back to you	dia9.html#ok_,_thank_you._i_will_meet_with_the_doctor_and_get_back_to_you	0	0	0-0 1-1 2-2 3-3 4-4 10-10		sentence segmentation error
70:3527	okay , thank you. i will look over this information and see what i can come up witth	okay_,_thank_you._i_will_look_over_this_information_and_see_what_i_can_come_up_witth.html	ok , thank you	dia46.html#ok_,_thank_you	0	0	0-0 1-1 2-2 3-3		sentence segmentation error
70:3407	okay , thank you. i will look over this information and see what i can come up witth	okay_,_thank_you._i_will_look_over_this_information_and_see_what_i_can_come_up_witth.html	okay , we 'll discuss this and see what we can do	dia55.html#okay_,_we_'ll_discuss_this_and_see_what_we_can_do	0	1	0-0 1-1 10-6 11-7 12-8	4-2 8-5 9-5 13-9 14-10 14-11 15-10 15-11 16-10 16-11 17-10 17-11	 