792:767	can you give a numeric description	dia50.html#can_you_give_a_numeric_description	can you rate the pain	dia47.html#can_you_rate_the_pain	1	1	0-0 1-1	2-2 3-2 4-2 5-2	
792:97	can you give a numeric description	dia50.html#can_you_give_a_numeric_description	rate the pain	rate_the_pain.html	1	1		2-0 3-0 4-0 5-0	
792:753	can you give a numeric description	dia50.html#can_you_give_a_numeric_description	how much does it hurt on a scale of one to ten	dia20.html#how_much_does_it_hurt_on_a_scale_of_one_to_ten	1	1		4-7 5-7	
792:2386	can you give a numeric description	dia50.html#can_you_give_a_numeric_description	can you describe it	dia92.html#can_you_describe_it	0	1	0-0 1-1	2-2 5-2	not sure whether or not to include dependents of "description" in alignment
792:3009	can you give a numeric description	dia50.html#can_you_give_a_numeric_description	have you had a rash	dia93.html#have_you_had_a_rash	0	0	1-1		
792:1794	can you give a numeric description	dia50.html#can_you_give_a_numeric_description	what about your stools	dia56.html#what_about_your_stools	0	0		1-2	