415:378	do you smoke marijuana	dia79.html#do_you_smoke_marijuana	do you abuse drugs	dia92.html#do_you_abuse_drugs	1	1	0-0 1-1	2-2 3-3	
415:394	do you smoke marijuana	dia79.html#do_you_smoke_marijuana	okay. any illicit drug use	dia31.html#okay._any_illicit_drug_use	1	1		2-4 3-2 3-3	
415:373	do you smoke marijuana	dia79.html#do_you_smoke_marijuana	what about illegal drugs	dia69.html#what_about_illegal_drugs	1	1		3-2 3-3	
415:287	do you smoke marijuana	dia79.html#do_you_smoke_marijuana	do you smoke	do_you_smoke.html	0	0	0-0 1-1 2-2		
415:347	do you smoke marijuana	dia79.html#do_you_smoke_marijuana	ok. do you smoke	dia35.html#ok._do_you_smoke	0	0	0-1 1-2 2-3		
415:348	do you smoke marijuana	dia79.html#do_you_smoke_marijuana	[ do you smoke	dia45.html#[_do_you_smoke	0	0	0-1 1-2 2-3		