2595:2589	how about after work	dia50.html#how_about_after_work	what activities do you do outside of work	dia6.html#what_activities_do_you_do_outside_of_work	1	1	3-7	2-5 2-6	
2595:2590	how about after work	dia50.html#how_about_after_work	what do you like to do in your spare time	dia11.html#what_do_you_like_to_do_in_your_spare_time	1	1	2-6 2-7 2-8 2-9 3-6 3-7 3-8 3-9		
2595:2591	how about after work	dia50.html#how_about_after_work	what do you like to do in your free time	dia54.html#what_do_you_like_to_do_in_your_free_time	1	1	2-6 2-7 2-8 2-9 3-6 3-7 3-8 3-9		
2595:3833	how about after work	dia50.html#how_about_after_work	how is work	dia66.html#how_is_work	0	0	3-2		
2595:1174	how about after work	dia50.html#how_about_after_work	do you work	dia98.html#do_you_work	0	0	3-2		
2595:1445	how about after work	dia50.html#how_about_after_work	do you work out	dia79.html#do_you_work_out	0	0	3-2		