3581:3579	you told me it started about 4 to 5 days ago. is that correct	dia98.html#you_told_me_it_started_about_4_to_5_days_ago._is_that_correct	okay , i see. i am going to summarize what you tolde me , okay	dia53.html#okay_,_i_see._i_am_going_to_summarize_what_you_tolde_me_,_okay	1	0	0-10 1-11 2-12		segmentation error
3581:3575	you told me it started about 4 to 5 days ago. is that correct	dia98.html#you_told_me_it_started_about_4_to_5_days_ago._is_that_correct	so you injured your back during the move	dia83.html#so_you_injured_your_back_during_the_move	1	0	0-1		
3581:3582	you told me it started about 4 to 5 days ago. is that correct	dia98.html#you_told_me_it_started_about_4_to_5_days_ago._is_that_correct	you are a good friend ! so you felt a sharp pain right away , and now it has become a dull ache	dia9.html#you_are_a_good_friend_!_so_you_felt_a_sharp_pain_right_away_,_and_now_it_has_become_a_dull_ache	1	0	0-7		
3581:3738	you told me it started about 4 to 5 days ago. is that correct	dia98.html#you_told_me_it_started_about_4_to_5_days_ago._is_that_correct	can you tell me when it started	dia98.html#can_you_tell_me_when_it_started	0	0	0-1 2-3 4-6	1-2 3-5 5-4 6-4 7-4 8-4 9-4 10-4	
3581:2476	you told me it started about 4 to 5 days ago. is that correct	dia98.html#you_told_me_it_started_about_4_to_5_days_ago._is_that_correct	could you tell me more about that	dia99.html#could_you_tell_me_more_about_that	0	0	0-1 2-3	1-2	
3581:3778	you told me it started about 4 to 5 days ago. is that correct	dia98.html#you_told_me_it_started_about_4_to_5_days_ago._is_that_correct	can you tell me more about that	dia13.html#can_you_tell_me_more_about_that	0	0	0-1 2-3	1-2	