2574:2572	what activities do you do	dia88.html#what_activities_do_you_do	what activities do you enjoy	dia101.html#what_activities_do_you_enjoy	1	1	0-0 1-1 2-2 3-3	4-4	
2574:2583	what activities do you do	dia88.html#what_activities_do_you_do	any hobbies	dia49.html#any_hobbies	1	1		1-1	
2574:2588	what activities do you do	dia88.html#what_activities_do_you_do	is there anything else you enjoy doing	dia69.html#is_there_anything_else_you_enjoy_doing	1	1	3-4	0-0 0-1 0-2 1-0 1-1 1-2 2-5 2-6 4-5 4-6	
2574:1188	what activities do you do	dia88.html#what_activities_do_you_do	what work do you do	dia74.html#what_work_do_you_do	0	0	3-3		
2574:1172	what activities do you do	dia88.html#what_activities_do_you_do	what do you do	dia25.html#what_do_you_do	0	0	3-2		
2574:102	what activities do you do	dia88.html#what_activities_do_you_do	do you exercise	do_you_exercise.html	0	0	3-1		