2574:2597	what activities do you do	dia88.html#what_activities_do_you_do	what activities do you ahve	dia59.html#what_activities_do_you_ahve	1	1	0-0 1-1 2-2 3-3	4-4	
2574:143	what activities do you do	dia88.html#what_activities_do_you_do	so you work on cars	so_you_work_on_cars.html	1	1	3-1	1-2 1-3 1-4	
2574:2600	what activities do you do	dia88.html#what_activities_do_you_do	i can definitely understand that , what are some things you like to do in your free time	dia96.html#i_can_definitely_understand_that_,_what_are_some_things_you_like_to_do_in_your_free_time	1	1	0-6 3-10	1-9 1-14 1-15 1-16 1-17 2-11 2-12 2-13 4-11 4-12 4-13	
2574:1188	what activities do you do	dia88.html#what_activities_do_you_do	what work do you do	dia74.html#what_work_do_you_do	0	0	3-3		
2574:1172	what activities do you do	dia88.html#what_activities_do_you_do	what do you do	dia25.html#what_do_you_do	0	0	3-2		
2574:102	what activities do you do	dia88.html#what_activities_do_you_do	do you exercise	do_you_exercise.html	0	0	3-1		