3322:3343	no cancers that you know o	dia15.html#no_cancers_that_you_know_o	family history of cancer	dia49.html#family_history_of_cancer	1	1	1-3		
3322:3352	no cancers that you know o	dia15.html#no_cancers_that_you_know_o	does anyone in your family have a history of heart disease	dia69.html#does_anyone_in_your_family_have_a_history_of_heart_disease	1	0			
3322:3331	no cancers that you know o	dia15.html#no_cancers_that_you_know_o	any health problems in your family	dia13.html#any_health_problems_in_your_family	1	1		1-1 1-2	
3322:64	no cancers that you know o	dia15.html#no_cancers_that_you_know_o	can you drive	can_you_drive.html	0	0	3-1		
3322:633	no cancers that you know o	dia15.html#no_cancers_that_you_know_o	i hear you	dia57.html#i_hear_you	0	0	3-2		
3322:1948	no cancers that you know o	dia15.html#no_cancers_that_you_know_o	who do you live with	dia93.html#who_do_you_live_with	0	0	3-2		