2413:2415	okay. how many days ago did this happen	dia24.html#okay._how_many_days_ago_did_this_happen	ok , and when did this incident happen	dia63.html#ok_,_and_when_did_this_incident_happen	1	1	0-0 1-3 2-3 3-3 4-3 5-4 7-7	6-5 6-6	
2413:2414	okay. how many days ago did this happen	dia24.html#okay._how_many_days_ago_did_this_happen	when did you help your friend move	dia22.html#when_did_you_help_your_friend_move	1	1	1-0 2-0 3-0 4-0 5-1	6-2 6-3 6-4 6-5 6-6 7-2 7-3 7-4 7-5 7-6	
2413:299	okay. how many days ago did this happen	dia24.html#okay._how_many_days_ago_did_this_happen	what day did you hurt your back	what_day_did_you_hurt_your_back.html	1	1	1-1 2-1 3-1 4-1 5-2	6-3 6-4 6-5 6-6 7-3 7-4 7-5 7-6	
2413:3741	okay. how many days ago did this happen	dia24.html#okay._how_many_days_ago_did_this_happen	for how many days	dia66.html#for_how_many_days	0	1	1-1 2-2 3-3		
2413:3700	okay. how many days ago did this happen	dia24.html#okay._how_many_days_ago_did_this_happen	how long ago did this happen	dia44.html#how_long_ago_did_this_happen	0	1	1-0 2-1 3-1 4-2 5-3 6-4 7-5		
2413:3701	okay. how many days ago did this happen	dia24.html#okay._how_many_days_ago_did_this_happen	when did this happen	dia103.html#when_did_this_happen	0	1	1-0 2-0 3-0 4-0 5-1 6-2 7-3		