3308:3137	do they have any medical conditions	dia10.html#do_they_have_any_medical_conditions	do they have any medical problems	dia84.html#do_they_have_any_medical_problems	1	1	0-0 1-1 2-2 3-3 4-4 5-5		
3308:3298	do they have any medical conditions	dia10.html#do_they_have_any_medical_conditions	does anything run in your family	dia84.html#does_anything_run_in_your_family	1	1		1-4 1-5 3-1 4-1 5-1	
3308:3322	do they have any medical conditions	dia10.html#do_they_have_any_medical_conditions	no cancers that you know o	dia15.html#no_cancers_that_you_know_o	1	1		3-0 4-1 5-1	
3308:3142	do they have any medical conditions	dia10.html#do_they_have_any_medical_conditions	do you have any medical conditions	dia55.html#do_you_have_any_medical_conditions	0	0	0-0 2-2 3-3 4-4 5-5		
3308:1059	do they have any medical conditions	dia10.html#do_they_have_any_medical_conditions	did they have any health conditions	dia17.html#did_they_have_any_health_conditions	0	0	0-0 2-2 3-3 4-4 5-5		
3308:3157	do they have any medical conditions	dia10.html#do_they_have_any_medical_conditions	any medical conditions	dia66.html#any_medical_conditions	0	0	3-0 4-1 5-2		