1992:210	what activities do you do to relieve stress	dia91.html#what_activities_do_you_do_to_relieve_stress	stress	stress.html	1	1	7-0		
1992:1994	what activities do you do to relieve stress	dia91.html#what_activities_do_you_do_to_relieve_stress	good , any major stressor in your life	dia11.html#good_,_any_major_stressor_in_your_life	1	0		7-4	
1992:1996	what activities do you do to relieve stress	dia91.html#what_activities_do_you_do_to_relieve_stress	so work isn 't too stressful	dia4.html#so_work_isn_'t_too_stressful	1	1		7-5	
1992:2574	what activities do you do to relieve stress	dia91.html#what_activities_do_you_do_to_relieve_stress	what activities do you do	dia88.html#what_activities_do_you_do	0	0	0-0 1-1 2-2 3-3 4-4		
1992:1188	what activities do you do to relieve stress	dia91.html#what_activities_do_you_do_to_relieve_stress	what work do you do	dia74.html#what_work_do_you_do	0	0	0-0 2-2 3-3 4-4	1-1	
1992:1172	what activities do you do to relieve stress	dia91.html#what_activities_do_you_do_to_relieve_stress	what do you do	dia25.html#what_do_you_do	0	0	3-2		