1264:1257	do you have any sexual partners	dia79.html#do_you_have_any_sexual_partners	are you having intercourse	dia33.html#are_you_having_intercourse	1	1	1-1	0-0 0-2 2-0 2-2 4-3 5-3	
1264:1266	do you have any sexual partners	dia79.html#do_you_have_any_sexual_partners	sex	dia65.html#sex	1	1		4-0 5-0	
1264:1263	do you have any sexual partners	dia79.html#do_you_have_any_sexual_partners	okay , this may be awkward but it 's a normal question i ask all my patients. are you sexually active	dia82.html#okay_,_this_may_be_awkward_but_it_'s_a_normal_question_i_ask_all_my_patients._are_you_sexually_active	1	1	1-18	2-19 2-20 3-19 3-20 4-19 4-20 5-19 5-20	
1264:2204	do you have any sexual partners	dia79.html#do_you_have_any_sexual_partners	do you have a spouse	dia32.html#do_you_have_a_spouse	0	0	1-1	5-4	
1264:129	do you have any sexual partners	dia79.html#do_you_have_any_sexual_partners	do you have any pets	do_you_have_any_pets.html	0	0	1-1 3-3		
1264:2657	do you have any sexual partners	dia79.html#do_you_have_any_sexual_partners	do you have any stds	dia7.html#do_you_have_any_stds	0	0	1-1 3-3		