3584:3576	so it 's just been bothering you these past few days since that incident	dia19.html#so_it_'s_just_been_bothering_you_these_past_few_days_since_that_incident	i understand you are here for back pain	dia92.html#i_understand_you_are_here_for_back_pain	1	0	6-2		
3584:1	so it 's just been bothering you these past few days since that incident	dia19.html#so_it_'s_just_been_bothering_you_these_past_few_days_since_that_incident	to quickly summarize	to_quickly_summarize.html	1	0			
3584:3583	so it 's just been bothering you these past few days since that incident	dia19.html#so_it_'s_just_been_bothering_you_these_past_few_days_since_that_incident	i hope i 'll be able to help your back pain. to quickly summarize , you are experiencing lower back pain in the form of a dull ache right in the middle of your back. it started hurting after you helped a friend lift some furniture approximately 4 5 days ago , and it 's been a constant pain. bending down or moving around makes the pain worse , and ibuprofen only helps a little bit	dia97.html#i_hope_i_'ll_be_able_to_help_your_back_pain._to_quickly_summarize_,_you_are_experiencing_lower_back_pain_in_the_form_of_a_dull_ache_right_in_the_middle_of_your_back._it_started_hurting_after_you_helped_a_friend_lift_some_furniture_approximately_4_5_days_ago_,_and_it_'s_been_a_constant_pain._bending_down_or_moving_around_makes_the_pain_worse_,_and_ibuprofen_only_helps_a_little_bit	1	1	1-35 1-53 2-54 4-55 11-38	2-36 2-37 3-36 3-37 4-36 4-37 5-36 5-37 5-56 5-57 5-58 6-8 6-15 6-33 6-39 6-56 6-57 6-58 7-47 7-48 7-49 7-50 8-47 8-48 8-49 8-50 9-47 9-48 9-49 9-50 10-47 10-48 10-49 10-50 12-39 12-40 12-41 12-42 12-43 12-44 12-45 13-39 13-40 13-41 13-42 13-43 13-44 13-45	segmentation error, holy cow, what a mess
3584:534	so it 's just been bothering you these past few days since that incident	dia19.html#so_it_'s_just_been_bothering_you_these_past_few_days_since_that_incident	how has the pain been the past few days	dia5.html#how_has_the_pain_been_the_past_few_days	0	0	8-6 9-7 10-8	7-5	
3584:488	so it 's just been bothering you these past few days since that incident	dia19.html#so_it_'s_just_been_bothering_you_these_past_few_days_since_that_incident	that 's great. have you been working the past few days	dia103.html#that_'s_great._have_you_been_working_the_past_few_days	0	0	6-4 8-8 9-9 10-10	7-7	segmentation error
3584:2953	so it 's just been bothering you these past few days since that incident	dia19.html#so_it_'s_just_been_bothering_you_these_past_few_days_since_that_incident	have you had any fever in the past couple of days	dia57.html#have_you_had_any_fever_in_the_past_couple_of_days	0	0	6-1 8-7 9-8 9-9 10-10	7-6	