234:3282	have you had any difficulty going to the bathroom	have_you_had_any_difficulty_going_to_the_bathroom.html	have you had any trouble passing urine	dia37.html#have_you_had_any_trouble_passing_urine	1	1	0-0 1-1 2-2 3-3 4-4	5-5 5-6 6-5 6-6 7-5 7-6 8-5 8-6	
234:3276	have you had any difficulty going to the bathroom	have_you_had_any_difficulty_going_to_the_bathroom.html	are you peeing normally	dia6.html#are_you_peeing_normally	1	1	1-1	2-3 3-3 4-3 5-2 6-2 7-2 8-2	
234:3279	have you had any difficulty going to the bathroom	have_you_had_any_difficulty_going_to_the_bathroom.html	have you noticed any change in you bladder or bowle habits	dia24.html#have_you_noticed_any_change_in_you_bladder_or_bowle_habits	1	1	0-0 1-1 3-3	2-2 4-4 5-5 5-6 5-7 5-8 5-9 5-10 6-5 6-6 6-7 6-8 6-9 6-10 7-5 7-6 7-7 7-8 7-9 7-10 8-5 8-6 8-7 8-8 8-9 8-10	
234:1799	have you had any difficulty going to the bathroom	have_you_had_any_difficulty_going_to_the_bathroom.html	have you had any problems going to the bathroom	dia68.html#have_you_had_any_problems_going_to_the_bathroom	0	1	0-0 1-1 2-2 3-3 4-4 5-5 6-6 7-7 8-8		different responses (#1 vs. #2...lmao) but.....
234:1788	have you had any difficulty going to the bathroom	have_you_had_any_difficulty_going_to_the_bathroom.html	any trouble going to the bathroom	dia35.html#any_trouble_going_to_the_bathroom	0	1	3-0 4-1 5-2 6-3 7-4 8-5		
234:1802	have you had any difficulty going to the bathroom	have_you_had_any_difficulty_going_to_the_bathroom.html	going to the bathroom	dia79.html#going_to_the_bathroom	0	0	5-0 6-1 7-2 8-3		