716:702	can you describe your urge to urinate	dia85.html#can_you_describe_your_urge_to_urinate	how are you	dia94.html#how_are_you	1	0	1-2		 
716:695	can you describe your urge to urinate	dia85.html#can_you_describe_your_urge_to_urinate	hey how 's going	dia61.html#hey_how_'s_going	1	0			 
716:679	can you describe your urge to urinate	dia85.html#can_you_describe_your_urge_to_urinate	hello. i 'm a medical student and part of you care team today. how are you	dia14.html#hello._i_'m_a_medical_student_and_part_of_you_care_team_today._how_are_you	1	0	1-9		 
716:2386	can you describe your urge to urinate	dia85.html#can_you_describe_your_urge_to_urinate	can you describe it	dia92.html#can_you_describe_it	0	0	0-0 1-1 2-2		only not a paraphrase because context ("it" = pain, apparently)
716:2738	can you describe your urge to urinate	dia85.html#can_you_describe_your_urge_to_urinate	can you urinate	dia60.html#can_you_urinate	0	0	1-1 6-2		"can" technically dependent of "describe" in source, not "urinate"
716:3772	can you describe your urge to urinate	dia85.html#can_you_describe_your_urge_to_urinate	can you describe your frequent urination more	dia4.html#can_you_describe_your_frequent_urination_more	0	1	0-0 1-1 2-2 3-3	6-5	 