3833:3831	how is work	dia66.html#how_is_work	how is work going	dia4.html#how_is_work_going	1	1	0-0 1-1 2-2		
3833:3830	how is work	dia66.html#how_is_work	i agree with you mr. wilkins ! do you like your job as an auto mechanic	dia69.html#i_agree_with_you_mr._wilkins_!_do_you_like_your_job_as_an_auto_mechanic	1	1	2-11	0-7 0-8 0-9 1-7 1-8 1-9	
3833:3824	how is work	dia66.html#how_is_work	tell me about your work	dia24.html#tell_me_about_your_work	1	1	2-4	0-0 0-1 0-2 1-0 1-1 1-2	
3833:1442	how is work	dia66.html#how_is_work	how do you exercise	dia48.html#how_do_you_exercise	0	0			
3833:1178	how is work	dia66.html#how_is_work	what is your job	dia43.html#what_is_your_job	0	0	0-0 2-2		
3833:702	how is work	dia66.html#how_is_work	how are you	dia94.html#how_are_you	0	0			