1257:1260	are you having intercourse	dia33.html#are_you_having_intercourse	are you sexually activ	dia77.html#are_you_sexually_activ	1	1	0-0 1-1	2-2 2-3 3-2 3-3	
1257:1266	are you having intercourse	dia33.html#are_you_having_intercourse	sex	dia65.html#sex	1	1	3-0		
1257:1249	are you having intercourse	dia33.html#are_you_having_intercourse	have yo been sexually active i te past 6 months	dia1.html#have_yo_been_sexually_active_i_te_past_6_months	1	1	1-1	0-0 0-2 0-3 0-4 2-0 2-2 2-3 2-4 3-0 3-2 3-3 3-4	wow, awesome spelling
1257:2226	are you having intercourse	dia33.html#are_you_having_intercourse	are you taking vitamins	dia49.html#are_you_taking_vitamins	0	0	1-1		
1257:1559	are you having intercourse	dia33.html#are_you_having_intercourse	are you taking medications	dia4.html#are_you_taking_medications	0	0	1-1		
1257:2199	are you having intercourse	dia33.html#are_you_having_intercourse	how often do you take it	dia103.html#how_often_do_you_take_it	0	0	1-3		