2426:305	does it cause pain	dia43.html#does_it_cause_pain	are you in pain right now	are_you_in_pain_right_now.html	1	1	3-3		
2426:2427	does it cause pain	dia43.html#does_it_cause_pain	well hopefully we can make you feel better. are you in pain right now	dia93.html#well_hopefully_we_can_make_you_feel_better._are_you_in_pain_right_now	1	1	3-11		
2426:2425	does it cause pain	dia43.html#does_it_cause_pain	you said that it gets worse bending down ; how does sitting affect your pain	dia37.html#you_said_that_it_gets_worse_bending_down_;_how_does_sitting_affect_your_pain	1	0	3-14		
2426:2340	does it cause pain	dia43.html#does_it_cause_pain	when does it hurt	dia67.html#when_does_it_hurt	0	0	0-1 1-2 2-3 3-3		
2426:841	does it cause pain	dia43.html#does_it_cause_pain	what movements hurt	dia50.html#what_movements_hurt	0	0		3-2	
2426:3791	does it cause pain	dia43.html#does_it_cause_pain	do you have headaches	dia72.html#do_you_have_headaches	0	0			