2123:2115	i see. how long ago did this come on	dia71.html#i_see._how_long_ago_did_this_come_on	how long have you been urinating more frequently	dia99.html#how_long_have_you_been_urinating_more_frequently	1	0			
2123:2113	i see. how long ago did this come on	dia71.html#i_see._how_long_ago_did_this_come_on	have you had the urination for a while	dia56.html#have_you_had_the_urination_for_a_while	1	0			
2123:2116	i see. how long ago did this come on	dia71.html#i_see._how_long_ago_did_this_come_on	when did the need to urinate more frequently start	dia1.html#when_did_the_need_to_urinate_more_frequently_start	1	1			
2123:3700	i see. how long ago did this come on	dia71.html#i_see._how_long_ago_did_this_come_on	how long ago did this happen	dia44.html#how_long_ago_did_this_happen	0	1	2-0 3-1 4-2 5-3 6-4	7-5 8-5	
2123:61	i see. how long ago did this come on	dia71.html#i_see._how_long_ago_did_this_come_on	how long ago was this	how_long_ago_was_this.html	0	1	2-0 3-1 4-2 6-4	5-3 7-3 8-3	
2123:3722	i see. how long ago did this come on	dia71.html#i_see._how_long_ago_did_this_come_on	how long ago did you hurt it	dia56.html#how_long_ago_did_you_hurt_it	0	1	2-0 3-1 4-2 5-3	6-4 6-5 6-6 7-4 7-5 7-6 8-4 8-5 8-6	