299:2414	what day did you hurt your back	what_day_did_you_hurt_your_back.html	when did you help your friend move	dia22.html#when_did_you_help_your_friend_move	1	1	0-0 1-0 3-2 5-4		eh
299:2415	what day did you hurt your back	what_day_did_you_hurt_your_back.html	ok , and when did this incident happen	dia63.html#ok_,_and_when_did_this_incident_happen	1	1	0-3 1-3 2-4	3-5 3-6 3-7 4-5 4-6 4-7 5-5 5-6 5-7 6-5 6-6 6-7	
299:2413	what day did you hurt your back	what_day_did_you_hurt_your_back.html	okay. how many days ago did this happen	dia24.html#okay._how_many_days_ago_did_this_happen	1	1	2-5	0-1 0-2 0-4 1-3 3-6 3-7 4-6 4-7 5-6 5-7 6-6 6-7	
299:3732	what day did you hurt your back	what_day_did_you_hurt_your_back.html	when did you hurt your back	dia80.html#when_did_you_hurt_your_back	0	1	0-0 1-0 2-1 3-2 4-3 5-4 6-5		
299:529	what day did you hurt your back	what_day_did_you_hurt_your_back.html	does your back hurt	dia32.html#does_your_back_hurt	0	0	5-1 6-2	4-3	
299:871	what day did you hurt your back	what_day_did_you_hurt_your_back.html	when does your back hurt	dia10.html#when_does_your_back_hurt	0	0	5-2 6-3	4-4	