109:2590	what do you do in your spare time	what_do_you_do_in_your_spare_time.html	what do you like to do in your spare time	dia11.html#what_do_you_like_to_do_in_your_spare_time	1	1	0-0 1-1 2-2 3-3 3-4 3-5 4-6 5-7 6-8 7-9		
109:2595	what do you do in your spare time	what_do_you_do_in_your_spare_time.html	how about after work	dia50.html#how_about_after_work	1	1		4-2 4-3 5-2 5-3 6-2 6-3 7-2 7-3	
109:2592	what do you do in your spare time	what_do_you_do_in_your_spare_time.html	what are you most afraid of	dia44.html#what_are_you_most_afraid_of	1	0	2-2		
109:1452	what do you do in your spare time	what_do_you_do_in_your_spare_time.html	what do you do in your free time	dia103.html#what_do_you_do_in_your_free_time	0	1	0-0 1-1 2-2 3-3 4-4 5-5 6-6 7-7		
109:2567	what do you do in your spare time	what_do_you_do_in_your_spare_time.html	what do you do on your free time	dia60.html#what_do_you_do_on_your_free_time	0	1	0-0 1-1 2-2 3-3 4-4 5-5 6-6 7-7		
109:1172	what do you do in your spare time	what_do_you_do_in_your_spare_time.html	what do you do	dia25.html#what_do_you_do	0	0	2-2		