1046:1043	did your grandparents have any health issues	dia88.html#did_your_grandparents_have_any_health_issues	what health problems did your grandparents have	dia31.html#what_health_problems_did_your_grandparents_have	1	1	0-3 1-4 2-5 3-6 5-1 6-2	4-0	
1046:1049	did your grandparents have any health issues	dia88.html#did_your_grandparents_have_any_health_issues	i 'm sorry to hear that. how was their health when they were alive	dia35.html#i_'m_sorry_to_hear_that._how_was_their_health_when_they_were_alive	1	1	5-9	1-8 2-8 4-6 6-6	
1046:147	did your grandparents have any health issues	dia88.html#did_your_grandparents_have_any_health_issues	how was their health when they were alive	how_was_their_health_when_they_were_alive.html	1	1	5-3	1-2 2-2 4-1 6-1	
1046:1065	did your grandparents have any health issues	dia88.html#did_your_grandparents_have_any_health_issues	did your grandparents have any health problems	dia74.html#did_your_grandparents_have_any_health_problems	0	1	0-0 1-1 2-2 3-3 4-4 5-5 6-6		
1046:1064	did your grandparents have any health issues	dia88.html#did_your_grandparents_have_any_health_issues	did your grandparents have any health conditions	dia48.html#did_your_grandparents_have_any_health_conditions	0	1	0-0 1-1 2-2 3-3 4-4 5-5 6-6		
1046:84	did your grandparents have any health issues	dia88.html#did_your_grandparents_have_any_health_issues	did your grandparents have any medical conditions	did_your_grandparents_have_any_medical_conditions.html	0	1	0-0 1-1 2-2 3-3 4-4 5-5 6-6		