2591:2600	what do you like to do in your free time	dia54.html#what_do_you_like_to_do_in_your_free_time	i can definitely understand that , what are some things you like to do in your free time	dia96.html#i_can_definitely_understand_that_,_what_are_some_things_you_like_to_do_in_your_free_time	1	1	0-6 2-10 3-11 4-12 5-13 6-14 7-15 8-16 9-17	1-7 1-8 1-9	
2591:143	what do you like to do in your free time	dia54.html#what_do_you_like_to_do_in_your_free_time	so you work on cars	so_you_work_on_cars.html	1	1	2-1		eh......
2591:2598	what do you like to do in your free time	dia54.html#what_do_you_like_to_do_in_your_free_time	okay. we already talked about how you are a mechanic. do you have any other activities	dia71.html#okay._we_already_talked_about_how_you_are_a_mechanic._do_you_have_any_other_activities	1	1	2-11	0-10 0-12 0-15 1-10 1-12 1-15 2-6 2-10 2-12 2-15 3-10 3-12 3-15 4-10 4-12 4-15 5-10 5-12 5-15	???????
2591:2590	what do you like to do in your free time	dia54.html#what_do_you_like_to_do_in_your_free_time	what do you like to do in your spare time	dia11.html#what_do_you_like_to_do_in_your_spare_time	0	1	0-0 1-1 2-2 3-3 4-4 5-5 6-6 7-7 8-8 9-9		
2591:1452	what do you like to do in your free time	dia54.html#what_do_you_like_to_do_in_your_free_time	what do you do in your free time	dia103.html#what_do_you_do_in_your_free_time	0	1	0-0 1-1 2-2 5-3 6-4 7-5 8-6 9-7		
2591:109	what do you like to do in your free time	dia54.html#what_do_you_like_to_do_in_your_free_time	what do you do in your spare time	what_do_you_do_in_your_spare_time.html	0	1	0-0 1-1 2-2 5-3 6-4 7-5 8-6 9-7		