2588:2572	is there anything else you enjoy doing	dia69.html#is_there_anything_else_you_enjoy_doing	what activities do you enjoy	dia101.html#what_activities_do_you_enjoy	1	1	4-3	0-0 1-0 2-1 5-2 5-4 6-2 6-4	
2588:2583	is there anything else you enjoy doing	dia69.html#is_there_anything_else_you_enjoy_doing	any hobbies	dia49.html#any_hobbies	1	1		0-0 1-0 2-0 4-1 5-1 6-1	
2588:2587	is there anything else you enjoy doing	dia69.html#is_there_anything_else_you_enjoy_doing	do youhave ay hobbies	dia102.html#do_youhave_ay_hobbies	1	1		0-0 0-1 1-0 1-1 2-2 4-3 5-3 6-3	segmentation/tokenization error, transcription error
2588:1429	is there anything else you enjoy doing	dia69.html#is_there_anything_else_you_enjoy_doing	is there anything else	dia90.html#is_there_anything_else	0	0	0-0 1-1 2-2 3-3		
2588:3204	is there anything else you enjoy doing	dia69.html#is_there_anything_else_you_enjoy_doing	is there anything else you need	dia85.html#is_there_anything_else_you_need	0	0	0-0 1-1 2-2 3-3 4-4		
2588:306	is there anything else you enjoy doing	dia69.html#is_there_anything_else_you_enjoy_doing	anything else	anything_else.html	0	0	2-0 3-1		