633:623	i hear you	dia57.html#i_hear_you	good to see you to	dia7.html#good_to_see_you_to	1	0	2-3		
633:632	i hear you	dia57.html#i_hear_you	moving heavy objects is definitely difficult !	dia25.html#moving_heavy_objects_is_definitely_difficult_!	1	1		0-4 1-4 2-4	
633:631	i hear you	dia57.html#i_hear_you	that is very uncomfortable	dia18.html#that_is_very_uncomfortable	1	1			
633:103	i hear you	dia57.html#i_hear_you	i see	i_see.html	0	1	0-0 1-1		
633:2170	i hear you	dia57.html#i_hear_you	are you seeing someone	dia98.html#are_you_seeing_someone	0	0	2-1		
633:1885	i hear you	dia57.html#i_hear_you	have you tried ice	dia19.html#have_you_tried_ice	0	0	2-1		