627:626	okay , i will definitely take that into account	dia69.html#okay_,_i_will_definitely_take_that_into_account	good	dia13.html#good	1	1	0-0		
627:624	okay , i will definitely take that into account	dia69.html#okay_,_i_will_definitely_take_that_into_account	nice to meet you too	dia12.html#nice_to_meet_you_too	1	0			
627:610	okay , i will definitely take that into account	dia69.html#okay_,_i_will_definitely_take_that_into_account	interesting !	dia25.html#interesting_!	1	1			
627:973	okay , i will definitely take that into account	dia69.html#okay_,_i_will_definitely_take_that_into_account	okay ,	dia42.html#okay_,	0	0	0-0 1-1		
627:32	okay , i will definitely take that into account	dia69.html#okay_,_i_will_definitely_take_that_into_account	is that okay	is_that_okay.html	0	0	0-2		
627:974	okay , i will definitely take that into account	dia69.html#okay_,_i_will_definitely_take_that_into_account	okay	dia77.html#okay	0	0	0-0		