2008:2006	i am sorry to hear that it is affecting your work. i understand that can be frustrating	dia88.html#i_am_sorry_to_hear_that_it_is_affecting_your_work._i_understand_that_can_be_frustrating	that sounds frustrating	dia77.html#that_sounds_frustrating	1	1	13-0 16-2	11-1 12-1 14-1 15-1	
2008:100	i am sorry to hear that it is affecting your work. i understand that can be frustrating	dia88.html#i_am_sorry_to_hear_that_it_is_affecting_your_work._i_understand_that_can_be_frustrating	is there anything bothering you specifically	is_there_anything_bothering_you_specifically.html	1	1		9-4 13-2 16-3	I see that the pattern is these serve as a sort of "go on," but the alignment is a bit more nebulous
2008:2014	i am sorry to hear that it is affecting your work. i understand that can be frustrating	dia88.html#i_am_sorry_to_hear_that_it_is_affecting_your_work._i_understand_that_can_be_frustrating	that must have been hard for you	dia31.html#that_must_have_been_hard_for_you	1	1	13-0	9-6 11-1 11-2 11-3 12-1 12-2 12-3 14-1 14-2 14-3 15-1 15-2 15-3 16-4	
2008:3567	i am sorry to hear that it is affecting your work. i understand that can be frustrating	dia88.html#i_am_sorry_to_hear_that_it_is_affecting_your_work._i_understand_that_can_be_frustrating	i am sorry to hear that	dia96.html#i_am_sorry_to_hear_that	0	0	0-0 1-1 2-2 3-3 4-4 5-5		
2008:3569	i am sorry to hear that it is affecting your work. i understand that can be frustrating	dia88.html#i_am_sorry_to_hear_that_it_is_affecting_your_work._i_understand_that_can_be_frustrating	i understand. i am sorry to hear that	dia27.html#i_understand._i_am_sorry_to_hear_that	0	0	0-2 1-3 2-4 3-5 4-6 5-7	11-0	
2008:3571	i am sorry to hear that it is affecting your work. i understand that can be frustrating	dia88.html#i_am_sorry_to_hear_that_it_is_affecting_your_work._i_understand_that_can_be_frustrating	sorry to hear that	dia80.html#sorry_to_hear_that	0	0	2-0 3-1 4-2 5-3		