1743:1744	do you get angry	dia88.html#do_you_get_angry	have you experienced changes in your mental status	dia93.html#have_you_experienced_changes_in_your_mental_status	1	1	1-1		idk if it's really a paraphrase
1743:1742	do you get angry	dia88.html#do_you_get_angry	depression	dia65.html#depression	1	0			 
1743:1745	do you get angry	dia88.html#do_you_get_angry	how would you describe your overall mental health	dia73.html#how_would_you_describe_your_overall_mental_health	1	0	1-2		 
1743:1993	do you get angry	dia88.html#do_you_get_angry	do you get upset	dia88.html#do_you_get_upset	0	1	0-0 1-1 2-2	3-3	 
1743:1555	do you get angry	dia88.html#do_you_get_angry	do you take medications	dia98.html#do_you_take_medications	0	0	1-1		 
1743:2227	do you get angry	dia88.html#do_you_get_angry	do you take vitamins	dia52.html#do_you_take_vitamins	0	0	1-1		 