1166:1188	what kind of work do you do	dia92.html#what_kind_of_work_do_you_do	what work do you do	dia74.html#what_work_do_you_do	1	1	0-0 3-1 4-2 5-3 6-4		
1166:1197	what kind of work do you do	dia92.html#what_kind_of_work_do_you_do	ok. that 's fine. let 's talk about your occupation	dia95.html#ok._that_'s_fine._let_'s_talk_about_your_occupation	1	1		3-9 5-8	
1166:1184	what kind of work do you do	dia92.html#what_kind_of_work_do_you_do	don 't be embarassed , i 'm sure she was happy to help ! were you working on yor own car or was this part of your job	dia69.html#don_'t_be_embarassed_,_i_'m_sure_she_was_happy_to_help_!_were_you_working_on_yor_own_car_or_was_this_part_of_your_job	1	1		3-27 5-26	
1166:2594	what kind of work do you do	dia92.html#what_kind_of_work_do_you_do	what kind of activities do you do	dia50.html#what_kind_of_activities_do_you_do	0	0	1-1 2-2 5-5		
1166:2574	what kind of work do you do	dia92.html#what_kind_of_work_do_you_do	what activities do you do	dia88.html#what_activities_do_you_do	0	0	5-3		
1166:2568	what kind of work do you do	dia92.html#what_kind_of_work_do_you_do	what do you do after work	dia64.html#what_do_you_do_after_work	0	0	3-5 5-2		