558:534	how much does your current pain hurt compared to your previous pain	dia28.html#how_much_does_your_current_pain_hurt_compared_to_your_previous_pain	how has the pain been the past few days	dia5.html#how_has_the_pain_been_the_past_few_days	1	1	0-0 5-3	2-1 2-4 4-5 4-6 4-7 4-8 6-1 6-4	
558:572	how much does your current pain hurt compared to your previous pain	dia28.html#how_much_does_your_current_pain_hurt_compared_to_your_previous_pain	has it gotten any worse	dia77.html#has_it_gotten_any_worse	1	1		2-0 2-2 2-3 2-4 3-1 4-1 5-1 6-0 6-2 6-3 6-4 7-0 7-2 7-3 7-4 8-0 8-2 8-3 8-4 9-0 9-2 9-3 9-4 10-0 10-2 10-3 10-4 11-0 11-2 11-3 11-4	
558:554	how much does your current pain hurt compared to your previous pain	dia28.html#how_much_does_your_current_pain_hurt_compared_to_your_previous_pain	has it been hurting constantly since you helped him move	dia22.html#has_it_been_hurting_constantly_since_you_helped_him_move	1	1		2-0 2-2 2-3 3-1 4-1 5-1 6-0 6-2 6-3	
558:526	how much does your current pain hurt compared to your previous pain	dia28.html#how_much_does_your_current_pain_hurt_compared_to_your_previous_pain	how much does it hurt	dia50.html#how_much_does_it_hurt	0	0	0-0 1-1 2-2 6-4	3-3 4-3 5-3	
558:3683	how much does your current pain hurt compared to your previous pain	dia28.html#how_much_does_your_current_pain_hurt_compared_to_your_previous_pain	how long has your back hurt	dia74.html#how_long_has_your_back_hurt	0	0	6-5 9-3		
558:529	how much does your current pain hurt compared to your previous pain	dia28.html#how_much_does_your_current_pain_hurt_compared_to_your_previous_pain	does your back hurt	dia32.html#does_your_back_hurt	0	0	2-0 3-1 6-3		