3441:3432	alright , we will discuss both	dia60.html#alright_,_we_will_discuss_both	ok we can discuss that after we talk about your back pain	dia8.html#ok_we_can_discuss_that_after_we_talk_about_your_back_pain	1	1	0-0 2-1	3-2 3-3 4-2 4-3	
3441:3412	alright , we will discuss both	dia60.html#alright_,_we_will_discuss_both	okay now i want to ask some questions about your family 's health	dia1.html#okay_now_i_want_to_ask_some_questions_about_your_family_'s_health	1	1	0-0 0-1	4-5 4-6 4-7	
3441:3422	alright , we will discuss both	dia60.html#alright_,_we_will_discuss_both	well i can really see this pain is bothering you. i have some questions i ask all my patients to try and get to know them better	dia88.html#well_i_can_really_see_this_pain_is_bothering_you._i_have_some_questions_i_ask_all_my_patients_to_try_and_get_to_know_them_better	1	1	0-0	4-12 4-13	
3441:973	alright , we will discuss both	dia60.html#alright_,_we_will_discuss_both	okay ,	dia42.html#okay_,	0	0	0-0 1-1		
3441:975	alright , we will discuss both	dia60.html#alright_,_we_will_discuss_both	alright	dia70.html#alright	0	0	0-0		
3441:2100	alright , we will discuss both	dia60.html#alright_,_we_will_discuss_both	what do you want to talk about	dia66.html#what_do_you_want_to_talk_about	0	0	4-5 4-6		