32:3498	is that okay	is_that_okay.html	okay , can i summarize everything	dia18.html#okay_,_can_i_summarize_everything	1	1		0-2 0-3 1-2 1-3 2-2 2-3	semantically "can i" is getting across the same thing as an "is it okay if i..."
32:3482	is that okay	is_that_okay.html	ok , to get a better idea of what 's happening , i 'll need to ask dditional questions	dia39.html#ok_,_to_get_a_better_idea_of_what_'s_happening_,_i_'ll_need_to_ask_dditional_questions	1	0		2-0	transcription error
32:3464	is that okay	is_that_okay.html	ok , let 's transition to social history	dia46.html#ok_,_let_'s_transition_to_social_history	1	0		2-0	
32:974	is that okay	is_that_okay.html	okay	dia77.html#okay	0	0		2-0	
32:973	is that okay	is_that_okay.html	okay ,	dia42.html#okay_,	0	0		2-0	
32:2692	is that okay	is_that_okay.html	are you breathing okay	dia5.html#are_you_breathing_okay	0	0	2-3		