1048:1046	can you tell me about your grandparents medical issues	dia71.html#can_you_tell_me_about_your_grandparents_medical_issues	did your grandparents have any health issues	dia88.html#did_your_grandparents_have_any_health_issues	1	1	5-1 6-2 7-5 8-6		
1048:1049	can you tell me about your grandparents medical issues	dia71.html#can_you_tell_me_about_your_grandparents_medical_issues	i 'm sorry to hear that. how was their health when they were alive	dia35.html#i_'m_sorry_to_hear_that._how_was_their_health_when_they_were_alive	1	1	5-8	7-9 8-9	
1048:147	can you tell me about your grandparents medical issues	dia71.html#can_you_tell_me_about_your_grandparents_medical_issues	how was their health when they were alive	how_was_their_health_when_they_were_alive.html	1	1	5-2	7-3 8-3	
1048:1037	can you tell me about your grandparents medical issues	dia71.html#can_you_tell_me_about_your_grandparents_medical_issues	can you tell me about your grandparents	dia56.html#can_you_tell_me_about_your_grandparents	0	0	0-0 1-1 2-2 3-3 4-4 5-5 6-6		
1048:1051	can you tell me about your grandparents medical issues	dia71.html#can_you_tell_me_about_your_grandparents_medical_issues	great. tell me about your grandparents	dia71.html#great._tell_me_about_your_grandparents	0	0	2-1 3-2 4-3 5-4 6-5		
1048:1121	can you tell me about your grandparents medical issues	dia71.html#can_you_tell_me_about_your_grandparents_medical_issues	can you tell me about your father	dia85.html#can_you_tell_me_about_your_father	0	0	0-0 1-1 2-2 3-3 4-4 5-5		