3521:3520	i 'm sorry to hear that it 's bothering you so badly	dia81.html#i_'m_sorry_to_hear_that_it_'s_bothering_you_so_badly	i 'm sorry you 've been in pain !	dia58.html#i_'m_sorry_you_'ve_been_in_pain_!	1	1	0-0 1-1 2-2 9-3	8-7	
3521:75	i 'm sorry to hear that it 's bothering you so badly	dia81.html#i_'m_sorry_to_hear_that_it_'s_bothering_you_so_badly	that sounds awful	that_sounds_awful.html	1	1		0-1 1-1 2-1 3-1 4-1 5-1 6-0 7-2 8-2 10-2 11-2	
3521:3523	i 'm sorry to hear that it 's bothering you so badly	dia81.html#i_'m_sorry_to_hear_that_it_'s_bothering_you_so_badly	that must be very difficult	dia66.html#that_must_be_very_difficult	1	1		6-0 7-2 7-4 8-2 8-4 10-3 11-3	
3521:12	i 'm sorry to hear that it 's bothering you so badly	dia81.html#i_'m_sorry_to_hear_that_it_'s_bothering_you_so_badly	i 'm sorry to hear that	i_'m_sorry_to_hear_that.html	0	1	0-0 1-1 2-2 3-3 4-4 5-5		should be merged
3521:3568	i 'm sorry to hear that it 's bothering you so badly	dia81.html#i_'m_sorry_to_hear_that_it_'s_bothering_you_so_badly	i 'm so sorry to hear that	dia7.html#i_'m_so_sorry_to_hear_that	0	1	0-0 1-1 2-3 3-4 4-5 5-6		
3521:608	i 'm sorry to hear that it 's bothering you so badly	dia81.html#i_'m_sorry_to_hear_that_it_'s_bothering_you_so_badly	i 'm sorry to hear about that	dia24.html#i_'m_sorry_to_hear_about_that	0	1	0-0 1-1 2-2 3-3 4-4 5-6		