3549:3561	okay mr. wilkins , we 'll definitely try to figure out what 's going on with your back	dia25.html#okay_mr._wilkins_,_we_'ll_definitely_try_to_figure_out_what_'s_going_on_with_your_back	aw. well i hope we can help figure out what 's going on !	dia80.html#aw._well_i_hope_we_can_help_figure_out_what_'s_going_on_!	1	1	4-4 9-7 10-8 11-9 12-10 13-11 14-12	5-5 5-6 7-5 7-6	
3549:3538	okay mr. wilkins , we 'll definitely try to figure out what 's going on with your back	dia25.html#okay_mr._wilkins_,_we_'ll_definitely_try_to_figure_out_what_'s_going_on_with_your_back	ok thank you	dia47.html#ok_thank_you	1	1	0-0		
3549:3539	okay mr. wilkins , we 'll definitely try to figure out what 's going on with your back	dia25.html#okay_mr._wilkins_,_we_'ll_definitely_try_to_figure_out_what_'s_going_on_with_your_back	ok. i have everything i need	dia48.html#ok._i_have_everything_i_need	1	1	0-0		
3549:2440	okay mr. wilkins , we 'll definitely try to figure out what 's going on with your back	dia25.html#okay_mr._wilkins_,_we_'ll_definitely_try_to_figure_out_what_'s_going_on_with_your_back	what 's going on with your back	dia99.html#what_'s_going_on_with_your_back	0	0	11-0 12-1 13-2 14-3 15-4 16-5 17-6		
3549:161	okay mr. wilkins , we 'll definitely try to figure out what 's going on with your back	dia25.html#okay_mr._wilkins_,_we_'ll_definitely_try_to_figure_out_what_'s_going_on_with_your_back	what 's wrong with your back	what_'s_wrong_with_your_back.html	0	0	11-0 12-1 15-3 16-4 17-5	13-2 14-2	
3549:3402	okay mr. wilkins , we 'll definitely try to figure out what 's going on with your back	dia25.html#okay_mr._wilkins_,_we_'ll_definitely_try_to_figure_out_what_'s_going_on_with_your_back	okay , thank you ! i will go discuss your problems with the doctor and we 'll try to figure out what 's going on	dia59.html#okay_,_thank_you_!_i_will_go_discuss_your_problems_with_the_doctor_and_we_'ll_try_to_figure_out_what_'s_going_on	0	0	0-0 3-1 4-15 5-16 7-17 8-18 9-19 10-20 11-21 12-22 13-23 14-24 16-9	4-5	