852:161	what is wrong with your back	dia99.html#what_is_wrong_with_your_back	what 's wrong with your back	what_'s_wrong_with_your_back.html	1	1	0-0 1-1 2-2 3-3 4-4 5-5		
852:851	what is wrong with your back	dia99.html#what_is_wrong_with_your_back	any idea what it might be	dia90.html#any_idea_what_it_might_be	1	1	0-2	1-3 1-4 1-5 2-3 2-4 2-5 3-3 3-4 3-5 4-3 4-4 4-5 5-3 5-4 5-5	
852:853	what is wrong with your back	dia99.html#what_is_wrong_with_your_back	well we will try to get you feeling better soon. do you have any idea what exactly is wrong	dia3.html#well_we_will_try_to_get_you_feeling_better_soon._do_you_have_any_idea_what_exactly_is_wrong	1	1	0-15 1-17 2-18 4-11		
852:2437	what is wrong with your back	dia99.html#what_is_wrong_with_your_back	what about your back	dia32.html#what_about_your_back	0	0	0-0 1-1 4-2 5-3		
852:2732	what is wrong with your back	dia99.html#what_is_wrong_with_your_back	what about your legs	dia68.html#what_about_your_legs	0	0	4-2		
852:528	what is wrong with your back	dia99.html#what_is_wrong_with_your_back	how is your back	dia32.html#how_is_your_back	0	0	4-2 5-3		