3392:3407	okay , let 's figure this out	dia25.html#okay_,_let_'s_figure_this_out	okay , we 'll discuss this and see what we can do	dia55.html#okay_,_we_'ll_discuss_this_and_see_what_we_can_do	1	1	0-0 1-1 5-5	2-3 3-2 4-7 4-8 4-9 4-10 4-11 6-7 6-8 6-9 6-10 6-11	
3392:3386	okay , let 's figure this out	dia25.html#okay_,_let_'s_figure_this_out	i will do my best !	dia4.html#i_will_do_my_best_!	1	1		2-1 3-0	?????
3392:3400	okay , let 's figure this out	dia25.html#okay_,_let_'s_figure_this_out	yes of course. the team will do everything we can to make it better	dia83.html#yes_of_course._the_team_will_do_everything_we_can_to_make_it_better	1	1		3-8 4-11 4-13 5-12 6-11 6-13	
3392:973	okay , let 's figure this out	dia25.html#okay_,_let_'s_figure_this_out	okay ,	dia42.html#okay_,	0	0	0-0 1-1		
3392:974	okay , let 's figure this out	dia25.html#okay_,_let_'s_figure_this_out	okay	dia77.html#okay	0	0	0-0		
3392:32	okay , let 's figure this out	dia25.html#okay_,_let_'s_figure_this_out	is that okay	is_that_okay.html	0	0	0-2		