3284:3286	has your father ever been sick	dia79.html#has_your_father_ever_been_sick	has your mom had any surgeries	dia8.html#has_your_mom_had_any_surgeries	1	0	1-1		
3284:3285	has your father ever been sick	dia79.html#has_your_father_ever_been_sick	i 'm happy to hear that. does your mom have any health concerns	dia37.html#i_'m_happy_to_hear_that._does_your_mom_have_any_health_concerns	1	0	1-7		
3284:134	has your father ever been sick	dia79.html#has_your_father_ever_been_sick	does your mom have any health concerns	does_your_mom_have_any_health_concerns.html	1	0	1-1		
3284:1090	has your father ever been sick	dia79.html#has_your_father_ever_been_sick	is your mother still living	dia53.html#is_your_mother_still_living	0	0	1-1		
3284:1086	has your father ever been sick	dia79.html#has_your_father_ever_been_sick	are your parents still living	dia64.html#are_your_parents_still_living	0	0	1-1	2-2	
3284:1137	has your father ever been sick	dia79.html#has_your_father_ever_been_sick	is your father healthy	dia59.html#is_your_father_healthy	0	1	1-1 2-2	0-0 0-3 3-0 3-3 4-0 4-3 5-0 5-3	