2016:100	id anything increasing your anxiety about your condition	dia78.html#id_anything_increasing_your_anxiety_about_your_condition	is there anything bothering you specifically	is_there_anything_bothering_you_specifically.html	1	1	1-2	0-0 0-1 2-3 3-3 4-3 6-4	transcription error
2016:2014	id anything increasing your anxiety about your condition	dia78.html#id_anything_increasing_your_anxiety_about_your_condition	that must have been hard for you	dia31.html#that_must_have_been_hard_for_you	1	0			
2016:2013	id anything increasing your anxiety about your condition	dia78.html#id_anything_increasing_your_anxiety_about_your_condition	i can understand how this must be embarassing for you	dia30.html#i_can_understand_how_this_must_be_embarassing_for_you	1	1		3-9 4-7 6-9	
2016:3596	id anything increasing your anxiety about your condition	dia78.html#id_anything_increasing_your_anxiety_about_your_condition	do you have concerns about your urination	dia13.html#do_you_have_concerns_about_your_urination	0	1	4-3 5-4 6-5	0-0 0-1 0-2 1-0 1-1 1-2 2-0 2-1 2-2 7-6	
2016:1468	id anything increasing your anxiety about your condition	dia78.html#id_anything_increasing_your_anxiety_about_your_condition	have you had your cholesterol checked	dia92.html#have_you_had_your_cholesterol_checked	0	0	3-3	6-3	
2016:852	id anything increasing your anxiety about your condition	dia78.html#id_anything_increasing_your_anxiety_about_your_condition	what is wrong with your back	dia99.html#what_is_wrong_with_your_back	0	0	3-4	6-4	